restaurantId,name,type,slotDiscovery,urls,priceBand,neighborhood,primaryCuisine,campaignId,isPromoted,restaurantAvailabilityToken,isPinned,diningStyle,address,description,hasTakeout,recentReservationCount,textReviewCount,rating,hasBar,hasCounter,hasHighTop,hasOutdoor,pickupEnabled,groupId,latitude,longitude,phoneNumber,deliveryPartner,menuUrl
3508,Ruth's Chris Steak House - San Diego,GuestCenter,on,https://www.opentable.com/ruths-chris-steak-house-san-diego,$31 to $50,Downtown / Gaslamp,Steakhouse,1729281,true,eyJ2IjoyLCJtIjoxLCJwIjoxLCJzIjowLCJuIjowfQ,false,Fine Dining,"1355 North Harbor Drive, San Diego, CA, 92101","Now Open: We look forward to serving you soon.\u003cbr />\u003cbr />Ruth's Chris Steak House in San Diego, CA serves the finest USDA Prime beef available, broiled at 1,800° and served on 500° plates, so your steak stays hot, juicy and delicious from first bite to last. Enjoy our New Orleans-inspired appetizers, USDA Prime steaks, fresh seafood, signature side dishes and homemade desserts. All this while you enjoy our warm, inviting atmosphere and Ruth’s Chris’ genuine hospitality. So whether you’re a regular or have just been wondering what all the buzz is about, Ruth's Chris is the perfect excuse to enjoy the perfect night out. Dinner is served nightly, reservations are suggested and private dining and offsite catering may be arranged. \u003cbr />\u003cbr />",true,65,3318,rating:4.8,false,false,false,false,null,26,32.7192,-117.173,(619) 233-1422,UBER_EATS,https://ubertrk.com/c/2606859/811249/5714?prodsku=84651737-dee2-4c37-891f-da4d29072eca&u=https%3A%2F%2Fwww.ubereats.com%2Fsan-diego%2Ffood-delivery%2Fruths-chris-steak-house-1355-n-harbor-dr%2FhGUXN97iTDeJH9pNKQcuyg%2F%3Futm_campaign%3Daffiliate-ir-%7Birmpname%7D_1_-99_national_e_all_acq_cpa_en_click-%7Bclickid%7D&intsrc=CATF_5854
114097,Juniper & Ivy,GuestCenter,on,https://www.opentable.com/r/juniper-and-ivy-san-diego,$50 and over,Little Italy,Contemporary American,null,false,eyJ2IjoyLCJtIjoxLCJwIjowLCJzIjowLCJuIjowfQ,false,Casual Elegant,"2228 Kettner Blvd, San Diego, CA, 92101","Juniper and Ivy delivers a chef-driven menu that uses hand-selected, seasonal ingredients crafted with precision, passion, and creativity. Daily offerings rotate, based on the top ingredients brought in by local farmers and fishermen that morning.\u003cbr />\u003cbr />We are pleased to be able to offer our Under the Stars outdoor dining space along with our indoor Dining Room . We do our best to offer a safe and socially distant atmosphere, in both areas.  While still maintaining a comfortable and cozy al fresco experience for our outdoor guests.  ",false,85,5991,rating:4.6,false,true,true,true,true,,32.727464,-117.171295,(619) 269-9036,,
190246,Herb & Wood,GuestCenter,on,https://www.opentable.com/herb-and-wood,$31 to $50,Little Italy,Californian,null,false,eyJ2IjoyLCJtIjoxLCJwIjowLCJzIjowLCJuIjowfQ,false,Fine Dining,"2210 Kettner Blvd, San Diego, CA, 92101","A timeless, sought-after dining escape, celebrated Chef Brian Malarkey opened Herb & Wood to instant acclaim over four years ago. In that time, the restaurant has become an icon, a dining destination that has helped to propel San Diego's culinary reputation to new heights. By focusing on rustic, wood-fired dishes, Chef Malarkey's menu elevates humble ingredients such as carrots, beets, and chicken, incorporating Mediterranean flavors and a California ethos of seasonality and sustainability.\u003cbr />",true,98,3347,rating:4.7,true,false,false,false,true,8327,32.727217,-117.170929,(619) 955-8495,,
110638,Fogo de Chao - San Diego,GuestCenter,on,https://www.opentable.com/r/fogo-de-chao-brazilian-steakhouse-san-diego,$31 to $50,Downtown / Gaslamp,Brazilian Steakhouse,1701351,true,eyJ2IjoyLCJtIjoxLCJwIjoxLCJzIjowLCJuIjowfQ,false,Casual Elegant,"668 6th Avenue, San Diego, CA, 92101","Fogo de Chao is the leading Brazilian steakhouse specializing in fire-roasting high-quality meats since 1979 utilizing the centuries-old Southern Brazilian cooking technique of churrasco. Please join us on our patio, or bring the Fogo Experience to you with Fogo To-Go, Butcher Shop or Catering for Pick-Up or Contactless Delivery.  Visit www.fogo.com to make a reservation or place an order. ",true,null,2390,rating:4.2,false,false,false,false,null,110,32.712361,-117.159342,(619) 338-0500,,
6992,Barbusa,GuestCenter,on,https://www.opentable.com/r/barbusa-san-diego,$30 and under,Little Italy,Italian,null,false,eyJ2IjoyLCJtIjoxLCJwIjowLCJzIjowLCJuIjowfQ,false,Casual Dining,"1917 India Street, San Diego, CA, 92101","Barbusa Local Modern Sicilian Restaurant.\u003cbr />Lively atmosphere with our craft cocktails, handmade pastas, freshest seafood, delicate pizza, and our famous Sicilian Ribeye.\u003cbr />\u003cbr />Pizza Served from our stone fired oven.\u003cbr />\u003cbr />Gluten free and Vegan Items Available\u003cbr />\u003cbr />\u003cbr />DUE TO UNCERTAIN TIMES WE WILL NO LONGER BE TAKING RESERVATIONS.ALL EXISTING RESERVATIONS WILL BE HONORED.\u003cbr />\u003cbr />WHILE WE VALUE THE TIME OF ALL OUR LOYAL GUEST AND SMILING FACES, WE KINDLY REQUEST YOU LIMIT THE TIME SPENT AT YOUR TABLE DUE TO MANDATED REDUCTION IN CAPACITY.\u003cbr />\u003cbr />THANK YOU FOR YOUR UNDERSTANDING AND SUPPORT, WE COULDNT BE MORE THRILLED TO HAVE YOU BACK!\u003cbr />\u003cbr />\u003cbr />",true,92,2561,rating:4.6,false,false,false,false,null,84,32.724596,-117.168646,(619) 238-1917,,
1014958,Butcher’s Cut Steakhouse,GuestCenter,on,https://www.opentable.com/r/butchers-cut-steakhouse-san-diego,$31 to $50,Downtown / Gaslamp,American,1736721,true,eyJ2IjoyLCJtIjoxLCJwIjoxLCJzIjowLCJuIjowfQ,false,Casual Elegant,"644 5th Ave, San Diego, CA, 92101","Butchers cut is a contemporary grill and premiere steakhouse that offers an unmatched selection of beef, fish, and pasta. As the premier steakhouse of San Diego located in the heart of the Gaslamp Quarter, we offer an ambiance with a rustic and vintage vibe that takes you back to a simple and classic era. Our newly installed glass meat locker on the restaurant floor is a spectacle everyone must experience in person, where patrons can handpick the piece that catches their eye. We promise to be the freshest, most desired dining destination in the Gaslamp District. We are offering a Tuesday night date night-$79 menu for two people, from 4 PM-close",true,60,444,rating:3.6,false,false,false,true,null,912,32.712194,-117.160463,(619) 235-8144,,
1039777,Civico by the Park,GuestCenter,on,https://www.opentable.com/r/civico-by-the-park-san-diego,$30 and under,Downtown / Gaslamp,Italian,null,false,eyJ2IjoyLCJtIjoxLCJwIjowLCJzIjowLCJuIjowfQ,false,Casual Dining,"2550 5th Ave., San Diego, CA, 92103","Join us for brunch starting Sunday, April 4th, and every Sunday after! Come relax by the the park with a delicious Spritz and one of Chef Pietro's Calabrifornian creations! In addition to amazing cocktails and food, enjoy a live DJ playing low tempo jams. (Brunch only)\u003cbr />\u003cbr />Civico by The Park is the new location for the famous Civico1845 in Little Italy, San Diego. The Gallo Brothers are bringing their love, passion, and enthusiasm, to Banker's Hill!\u003cbr />\u003cbr />We feature flavors of authentic Calabrian cuisine, created through surprising techniques and nuances by owner and Executive Chef Pietro Gallo.\u003cbr />\u003cbr />We offer full traditional and vegan menus with the addition of our homemade pizza in two styles: the Pinsa Romana and Calabrian Pizza!\u003cbr />\u003cbr />In addition, we offer an outstanding selection of Italian wines and craft cocktails focusing on amaro and grappa—the perfect aperitivo or complement to your meal.\u003cbr />\u003cbr />Hope to see you soon!\u003cbr />Dario and Pietro Gallo",true,56,409,rating:4.3,true,false,false,true,null,,32.73196,-117.160658,(619) 310-5669,,
1000996,Nolita Hall,GuestCenter,on,https://www.opentable.com/r/nolita-hall-san-diego,$31 to $50,Little Italy,Contemporary Italian,null,false,eyJ2IjoyLCJtIjoxLCJwIjowLCJzIjowLCJuIjowfQ,false,Casual Dining,"2305 India St., San Diego, CA, 92101","Inspired by both the modern and traditional drinking emporiums in Europe’s legendary beer cities, Nolita Hall San Diego is opening our doors with the promise of a unique and unexpected full-service restaurant experience. We are not able to seat incomplete parties or parties larger than the number on the reservation. Your entire party must be present within 15 minutes of your reservation time. All guests are required to wear a face-covering when not seated and must adhere to social distancing of 6 feet when not seated. We are following strict sanitation and social distancing protocols to ensure the safety of our guests and employees.\u003cbr />\u003cbr />Note: Your table will be reserved for 2 hours.\u003cbr />",true,25,214,rating:4.7,false,false,false,true,null,7884,32.728567,-117.170188,(619) 255-8000,,
300172,Rovino,GuestCenter,on,https://www.opentable.com/r/rovino-san-diego,$31 to $50,Little Italy,Italian,null,false,eyJ2IjoyLCJtIjoxLCJwIjowLCJzIjowLCJuIjowfQ,false,Casual Dining,"2034 Kettner Boulevard, San Diego, CA, 92101-1777","Rovino, located in San Diego, California, offers Italian cuisine for lunch and dinner. Rovino features an extensive wine selection and a knowledgeable staff who can help pair wine with each entrée.\u003cbr />\u003cbr />\u003cbr />\u003cbr />Try the fried calamari or the saffron rice balls filled with ground beef, peas and mozzarella cheese to start out your meal at Rovino. Choose from dinner entrées like the prosciutto and arugula flatbread or the pasta al sugo. Top off your Italian experience with a cup of specialty coffee and a dessert such as the tiramisu or the cannoli.\u003cbr />",true,16,631,rating:4.4,false,false,false,false,null,2571,32.725429,-117.170119,(619) 269-9341,,
171283,Civico 1845,GuestCenter,on,https://www.opentable.com/civico-1845,$30 and under,Little Italy,Italian,null,false,eyJ2IjoyLCJtIjoxLCJwIjowLCJzIjowLCJuIjowfQ,false,Casual Dining,"1845 India Street, San Diego, CA, 92101",Fresh flavors with a modern spin on traditional Italian classics. Menu features several gluten-free and vegan friendly options.,true,26,1493,rating:4.3,false,false,false,false,null,,32.724251,-117.168344,(619) 431-5990,,
6994,Nonna,GuestCenter,on,https://www.opentable.com/r/nonna-san-diego,$30 and under,Little Italy,Italian,null,false,eyJ2IjoyLCJtIjoxLCJwIjowLCJzIjowLCJuIjowfQ,false,Casual Dining,"1735 India Street, San Diego, CA, 92101","Many restaurants in Little Italy have become destinations, among them the Busalacchi family's Nonna. The rustic décor features a relaxed country-style feel throughout the restaurant, including the delightful patio. The wonderfully welcoming atmosphere celebrates yet another delicious Sicilian food lineup, including pizzas and all that you would expect from an authentic Italian menu. The terrific entrées show the Sicilian influence, and fill the restaurant with great aromas.\u003cbr />\u003cbr />We would love to hear your feedback on your experience.  ",true,null,483,rating:4.6,false,false,false,false,null,84,32.723246,-117.168317,(619) 234-1735,,
993256,Pali Wine Co. Little Italy Tasting Room,GuestCenter,on,https://www.opentable.com/r/pali-wine-co-little-italy-tasting-room-san-diego,$30 and under,Little Italy,Wine Bar,null,false,eyJ2IjoyLCJtIjoxLCJwIjowLCJzIjowLCJuIjowfQ,false,Casual Dining,"2130 India St, San Diego, CA, 92101","Our San Diego tasting room is located near the heart of Little Italy and is the perfect spot to enjoy our award winning wines in San Diego! Stop in to taste our Pinot Noir and Chardonnay from the Central Coast and stick around for some Cali-Tapas. This location also showcases our second and third wine labels. Tower 15, which offers premium Bordeaux and  Rhone blends alongside other varietals grown in the Central Coast region. Neighborhood Winery, specializing in interesting blends – both daring and traditional – that often push the boundaries of conventional wine flavor profiles. Our upstairs balcony overlooking Little Italy and our extremely inviting new backyard patio are both pet friendly spaces.  We offer a very unique, full service wine and food experience.",true,13,56,rating:4.9,true,false,false,true,null,7643,32.726773,-117.169836,(619) 569-1300,,
1050319,Zinqué - San Diego,GuestCenter,on,https://www.opentable.com/r/zinque-san-diego,$31 to $50,Little Italy,French,null,false,eyJ2IjoyLCJtIjoxLCJwIjowLCJzIjowLCJuIjowfQ,false,Casual Dining,"2101 Kettner Blvd, San Diego, CA, 92101","Hip neighborhood restaurant with French-inspired dishes and small plates. Craft cocktail menu and uniquely curated wine and beer selection. High-design/low-key vibe for breakfast, lunch, drinks or dinner.\u003cbr />(zin-kae)",true,28,197,rating:4.2,true,false,false,false,null,892,32.726543,-117.170108,(619) 915-6172,UBER_EATS,https://ubertrk.com/c/2606859/811249/5714?prodsku=e8433bbc-9152-4d99-936d-73f655ad87d0&u=https%3A%2F%2Fwww.ubereats.com%2Fsan-diego%2Ffood-delivery%2Fzinque-zin-kae-kettner-blvd%2F6EM7vJFSTZmTbXP2Va2H0A%2F%3Futm_campaign%3Daffiliate-ir-%7Birmpname%7D_1_-99_national_e_all_acq_cpa_en_click-%7Bclickid%7D&intsrc=CATF_5854
333262,STK- San Diego,GuestCenter,on,https://www.opentable.com/r/stk-san-diego,$31 to $50,Downtown / Gaslamp,Steakhouse,null,false,eyJ2IjoyLCJtIjoxLCJwIjowLCJzIjowLCJuIjowfQ,false,Casual Elegant,"600 F St, San Diego, CA, 92101-6310","STK San Diego artfully blends two concepts into one—the modern steakhouse and a chic lounge. A large central lounge area is furnished with creamy leather banquettes, and is surrounded by an elevated dining room for more formal dining. Theatrical lights illuminate each table, large windows  allow patrons to catch a glimpse of the bustling Gaslamp Quarter, while a DJ creates an energetic vibe throughout the entire space. STK San Diego is located in the heart of Gaslamp Quarter at the Andaz San Deigo. As anticipated, steak is the main attraction. STK San Diego offers small, medium and large cuts of meat, as well as naturally raised options and market fresh fish entrees. Aside from steak, signature items include Parmesan Truffle Fries; Lil’ BRGs; Tuna Tartar; and Sweet Corn Pudding.",true,127,1443,rating:4.4,false,false,false,true,null,141,32.713877,-117.158793,(619) 354-5988,POSTMATES,https://postmates.onelink.me/5uYG?pid=opentable&c=opentable&af_dp=postmates%3A%2F%2Fv1%2Fplaces%2F707aba14-84e4-45ee-a683-9260490377c9&af_web_dp=https%3A%2F%2Fpostmates.com%2Fmerchant%2Fstk-san-diego-san-diego&af_android_url=https%3A%2F%2Fpostmates.com%2Fmerchant%2Fstk-san-diego-san-diego&af_ios_url=https%3A%2F%2Fpostmates.com%2Fmerchant%2Fstk-san-diego-san-diego
265033,Ristorante Illando,GuestCenter,on,https://www.opentable.com/r/ristorante-illando-san-diego,$30 and under,Little Italy,Italian,null,false,eyJ2IjoyLCJtIjoxLCJwIjowLCJzIjowLCJuIjowfQ,false,Casual Dining,"1825 India Street, San Diego, CA, 92101","From the owner Leonardo Landini \u003cbr />&#34;When I decided to open Ristorante Illando, I had a vision in my head...my cozy house back in Firenze, Italy; my family dining table filled with the food I grew up with. Now I can surround you with the warmth of my Italian home and an authentic Italian meal here at Illando. Benvenuti e buon appetito a tutti!!&#34;\u003cbr />\u003cbr />\u003cbr />Located just above Little Italy San Diego's popular pizza shop, Landini's Pizzeria.\u003cbr />\u003cbr />\u003cbr />\u003cbr />We have a 15 minute grace period. Please call if you are running later than 15 minutes after your reservation time. The whole party must be present before all can be seated. \u003cbr />\u003cbr />A credit card is required to guarantee reservations of 10 or more. Please call hostess.\u003cbr />\u003cbr />\u003cbr />Thank you for your love and support! \u003cbr />",true,17,350,rating:4.5,false,false,false,true,null,,32.724053,-117.168256,(619) 693-5204,UBER_EATS,https://ubertrk.com/c/2606859/811249/5714?prodsku=d7529191-c572-4414-abf9-d87e0ffb51c4&u=https%3A%2F%2Fwww.ubereats.com%2Fsan-diego%2Ffood-delivery%2Fristorante-illando%2F11KRkcVyRBSr-dh-D_tRxA%2F%3Futm_campaign%3Daffiliate-ir-%7Birmpname%7D_1_-99_national_e_all_acq_cpa_en_click-%7Bclickid%7D&intsrc=CATF_5854
1014955,Farmer's Table - Little Italy,GuestCenter,on,https://www.opentable.com/r/farmers-table-little-italy-san-diego,$30 and under,Little Italy,Farm-to-table,null,false,eyJ2IjoyLCJtIjoxLCJwIjowLCJzIjowLCJuIjowfQ,false,Casual Dining,"550 W. Date St, San Diego, CA, 92101","Excited to announce that we officially have four locations open in San Diego including Bay Park, Little Italy, La Mesa, and Chula Vista. As a family run operation we believe every good neighborhood deserves an eatery where locals and visitors can enjoy “honest food done right”. Here at Farmers Table, we specialize in farm-to-fork cuisine that focuses on bringing locally sourced organic ingredients together to be savored in an inviting family-friendly atmosphere, where adults and children can enjoy many different food options that are just right for them. If you are looking for a magical brunch this week, come stop by for an unforgettable night.",true,23,607,rating:4.3,false,false,false,true,null,4761,32.723199,-117.168023,(619) 255-0958,,
276874,Mimmo's Italian Village,GuestCenter,on,https://www.opentable.com/r/mimmos-italian-village-san-diego,$31 to $50,Little Italy,Italian,null,false,eyJ2IjoyLCJtIjoxLCJwIjowLCJzIjowLCJuIjowfQ,false,Casual Elegant,"1743 India St, null, San Diego, CA, 92101-2517","Mimmos Italian Village is one of the 3 original restaurants  left in San Diego's historic Little Italy district. Established in 1973 in the heart of Little Italy you will find Mimmos is 3rd generation family owned and operated . \u003cbr />\u003cbr />Enjoy our amazing food all homemade from scratch daily, using quality  ingredients and fresh local produce . \u003cbr />\u003cbr />Our popular dishes include, campanelle sausage, spicy shrimp linguine, and chicken parmesan. You can enjoy these dishes alongside a nice glass of wine or signature homemade sangria.\u003cbr />\u003cbr /> Mimmo's Italian Village was started by Vincenzo Mimmo Gaglio, originally from Montelepre, Sicily. Before arriving in San Diego, Gaglio sharpened his cooking skills in Tunisia, New York City, Ontario, California, and finally, San Diego.\u003cbr />\u003cbr />Mimmo's seating areas consist of a charming indoor village, alfresco front and back patio seating. ",true,10,238,rating:4.6,false,false,false,true,null,,32.723324,-117.168159,(619) 239-3710,,
1080466,Brigantine at Portside Pier,GuestCenter,on,https://www.opentable.com/r/brigantine-at-portside-pier-san-diego,$31 to $50,Downtown / Gaslamp,Seafood,null,false,eyJ2IjoyLCJtIjoxLCJwIjowLCJzIjowLCJuIjowfQ,false,Casual Dining,"1360 N Harbor Dr, San Diego, CA, 92101-3322","The Brigantine is more than just home to some of San Diego’s finest seafood. It’s a place where locals and visitors alike come to share a lively atmosphere and authentic sense of community. The Morton family opened the first Brigantine on Shelter Island in 1969, with a vision that embraced the beach town lifestyle, a dedication to flavorful food, and a passion for friendly service.\r\n\r\nToday, we’re known far and wide for our San Diego-style surf and turf. From our award-winning fish tacos and freshly shucked oysters, to classic filet mignon or our perpetually best-selling marinated grilled swordfish. Always prepared to exceed expectations, and served with a smile. You can stop in at any neighborhood Brigantine and get a taste of the local flavor, from regionally inspired specials, to custom cocktails and home town craft beers.\r\n\r\nAt the Brigantine we make first timers feel like regulars, and consider regulars part of the family. So come by often, and share our taste for life.",false,90,1528,rating:4.6,true,false,false,true,null,59,32.719625,-117.173597,(619) 719-4960,,
1158412,Allegro,GuestCenter,on,https://www.opentable.com/r/allegro-san-diego,$31 to $50,Little Italy,Italian,null,false,eyJ2IjoyLCJtIjoxLCJwIjowLCJzIjowLCJuIjowfQ,false,Casual Elegant,"1536 India St, San Diego, CA, 92101-2405","Sicilian born Executive Chef Marco Provino, is a master in the kitchen, constantly shocking us with his latest creations. Our see through glass allows patrons to have a full view of the kitchen to ensure no shortcuts are ever taken.  As the sexiest restaurant in Little Italy, we offer an exquisite yet youthful ambience including a beautiful lemon garden patio covered in velvet, gold, marble, ceramic tiles, and couture fire pits that make Allegro perfect for a special occasion with your significant other. As part of the San Diego Dining Group, we take every step to uphold sky-high standards and quality to ensure the most magical dining experience. Join us for happy hour Sunday to Thursday 4pm-6pm. $5 draft beer and fresh oysters. ",true,70,330,rating:4.1,false,false,true,true,null,912,32.721678,-117.168597,(619) 310-6996,,
285481,Petrini's,GuestCenter,on,https://www.opentable.com/r/petrinis-san-diego,$30 and under,Little Italy,Italian,null,false,eyJ2IjoyLCJtIjoxLCJwIjowLCJzIjowLCJuIjowfQ,false,Casual Dining,"610 W Ash St, San Diego, CA, 92101","Petrini's, in the heart of San Diego's Little Italy neighborhood, serves homemade Italian dishes with a traditional aesthetic in its charming and inviting restaurant. The diablo shrimp in spicy wing sauce with lemon and cream, served with garlic cheese bread makes the perfect starter to your meal. Some of Petrini's' specialty entrée dishes include the smoked salmon alfredo sautéed with tomatoes and basil, Petrini's flat iron steak marinated in Italian beer, garlic and rosemary served with spaghetti with tangy pomodoro sauce and the baked white fish tilapia coated in seasoned bread crumbs in wine, butter and garlic sauce with Tuscan vegetables. Handhelds, such as the classic meatball hoagie, the vegetarian caponata sandwich with tomato-stewed eggplant and the craft-your-own pizzas, are other diner favorites.\u003cbr />\u003cbr />For a sweet end to your meal at Petrini's, enjoy a homemade classic Italian dessert, the layered tiramisu cake.\u003cbr />",true,23,197,rating:4.3,false,false,false,true,null,,32.720234,-117.168567,(619) 595-0322,UBER_EATS,https://ubertrk.com/c/2606859/811249/5714?prodsku=3769ec26-c1fc-43e4-aae1-93ac7cf3ad14&u=https%3A%2F%2Fwww.ubereats.com%2Fsan-diego%2Ffood-delivery%2Fpetrinis%2FN2nsJsH8Q-Sq4ZOsfPOtFA%2F%3Futm_campaign%3Daffiliate-ir-%7Birmpname%7D_1_-99_national_e_all_acq_cpa_en_click-%7Bclickid%7D&intsrc=CATF_5854
151924,Isola Little Italy,GuestCenter,on,https://www.opentable.com/r/isola-little-italy-san-diego,$30 and under,Little Italy,Italian,null,false,eyJ2IjoyLCJtIjoxLCJwIjowLCJzIjowLCJuIjowfQ,false,Casual Dining,"1526 India Street, San Diego, CA, 92101","MY NONNA’S NAME WAS ISOLA, A WONDERFUL COOK WHO GAVE ME A PASSION FOR FOOD AND FRESH, SIMPLE INGREDIENTS.  \u003cbr />\u003cbr />I have vivid memories of my grandmother turning plain bread into amazing desserts, simple apples into incredible fritters sprinkled with a little sugar and honey, and even treating my sunburns with olive oil. Thirty years later, I still savor every meal and moment.\u003cbr />\u003cbr />Isola is proud to serve the finest local ingredients, dalla vite, from the vine. I hope you enjoy every bite, plucked from my family tree for your table. Buon appetito!",true,24,492,rating:4.5,false,false,false,true,null,769,32.72121,-117.168536,(619) 555-4230,POSTMATES,https://postmates.onelink.me/5uYG?pid=opentable&c=opentable&af_dp=postmates%3A%2F%2Fv1%2Fplaces%2F157f5fec-a085-495a-87ee-81e6967adb1a&af_web_dp=https%3A%2F%2Fpostmates.com%2Fmerchant%2Fisola-pizza-san-diego&af_android_url=https%3A%2F%2Fpostmates.com%2Fmerchant%2Fisola-pizza-san-diego&af_ios_url=https%3A%2F%2Fpostmates.com%2Fmerchant%2Fisola-pizza-san-diego
1027714,Del Frisco’s Double Eagle Steakhouse - San Diego,GuestCenter,on,https://www.opentable.com/r/del-friscos-double-eagle-steakhouse-san-diego,$30 and under,Downtown / Gaslamp,Steakhouse,null,false,eyJ2IjoyLCJtIjoxLCJwIjowLCJzIjowLCJuIjowfQ,false,Fine Dining,"901 Bayfront Court, Suite 105, San Diego, CA, 92101","Del Frisco’s Double Eagle Steakhouse embodies the rich tradition of the classic American steakhouse, serving USDA Prime Beef, fresh seafood and premium wines from our award-winning wine selection in a breathtaking atmosphere.",true,87,1308,rating:4.4,true,false,false,true,null,48,32.71652,-117.17169,(619) 272-5060,POSTMATES,https://postmates.onelink.me/5uYG?pid=opentable&c=opentable&af_dp=postmates%3A%2F%2Fv1%2Fplaces%2F3d24610f-0087-49e1-b984-1975b6a1d63d&af_web_dp=https%3A%2F%2Fpostmates.com%2Fstore%2Fdel-friscos-double-901-bayfront-ct-suite-105%2Fwug3jegGRbWckgFpwJ5f7g?pid=opentable&c=opentable
264028,Parc Bistro-Brasserie,GuestCenter,on,https://www.opentable.com/r/parc-bistro-brasserie-san-diego,$30 and under,Banker's Hill,French,null,false,eyJ2IjoyLCJtIjoxLCJwIjowLCJzIjowLCJuIjowfQ,false,Casual Dining,"2760 5th Ave, Suite 100, San Diego, CA, 92103",Listed as one of OpenTable’s “100 Best Neighborhood Gems in America for 2021”,true,75,1527,rating:4.8,false,false,false,true,null,,32.734183,-117.160494,(619) 795-1501,,
988276,Topside Terrace,GuestCenter,on,https://www.opentable.com/r/topside-san-diego,$30 and under,Downtown / Gaslamp,Contemporary American,null,false,eyJ2IjoyLCJtIjoxLCJwIjowLCJzIjowLCJuIjowfQ,false,Casual Elegant,"421 W B St, San Diego, CA, 92101","\u003cbr />A quintessential San Diego open-air terrace, Topside Terrace takes advantage of the San Diego climate while marrying the sites and sounds of downtown. Inspired by coastal living, we specialize in evening fare and weekend brunch serving Baja California and Classic American Fare paired with contemporary cocktails and draft beer.\u003cbr />\u003cbr />Happy hour every Sunday-Thursday from 4pm to 6pm!\u003cbr />\u003cbr />Live DJ every Saturday 6pm-10pm",true,31,221,rating:4.5,true,false,true,false,true,7811,32.717526,-117.166926,(619) 398-3100,,
116821,Eddie V's - Seaport District,GuestCenter,on,https://www.opentable.com/eddie-vs-seaport-district,$31 to $50,Downtown / Gaslamp,Seafood,null,false,eyJ2IjoyLCJtIjoxLCJwIjowLCJzIjowLCJuIjowfQ,false,Fine Dining,"789 West Harbor Drive, San Diego, CA, 92101","OUR PATIO IS OPEN. CURBSIDE PICKUP AVAILABLE – Our patio is open, but we are delighted to still offer takeout. Visit EddieV.com/takeout or call (619) 615-0281 to place an order.\u003cbr />\u003cbr />If you're looking for a stylish and sophisticated fine dining experience, join us at Eddie V’s in San Diego. Dishes are artistically prepared and feature an ever-changing array of seasonal seafood, along with critically acclaimed prime steaks, hand-carved and broiled to perfection. Our restaurant’s award-wining wine list, which has been recognized by Wine Spectator, has more than 300 wines from the best growing areas in California and around the world. \u003cbr />\u003cbr />Polite Dress Notice - To promote a family friendly and welcoming atmosphere for everyone. We consider gym attire, sweatpants, hats, clothing with offensive languages or images, and exposed undergarments too casual for our restaurants.",true,84,2647,rating:4.8,true,false,true,true,null,639,32.711308,-117.169175,(619) 615-0281,,
4855,Island Prime,GuestCenter,on,https://www.opentable.com/island-prime,$30 and under,Downtown / Gaslamp,Steakhouse,null,false,eyJ2IjoyLCJtIjoxLCJwIjowLCJzIjowLCJuIjowfQ,false,Fine Dining,"880 Harbor Island Drive, San Diego, CA, 92101","Resting on stilts atop San Diego Bay, Island Prime overlooks the city skyline and Coronado.",false,48,6132,rating:4.8,true,false,false,false,null,8,32.724117,-117.18867,(619) 298-6802,,
1039660,Claim Jumper - San Diego - Bayside,GuestCenter,on,https://www.opentable.com/r/claim-jumper-san-diego-bayside-san-diego,$30 and under,Little Italy,American,null,false,eyJ2IjoyLCJtIjoxLCJwIjowLCJzIjowLCJuIjowfQ,false,Casual Dining,"1355 North Harbor Drive, San Diego, CA, 92101","Our friendly environment is ideal for celebrating special occasions, hosting a business lunch or gathering for a delicious meal with friends and family. Our saloons are a comfortable gathering place to relax after a day at work, to catch a game or share an appetizer with friends. The saloon menu features signature cocktails, chilled martinis, premium and ultra-premium spirits, specialty non-alcoholic beverages, an extensive wine list, and imported and American craft beers including Claim Jumper’s own Honey Blonde, Original Red Ale and IPA.  In addition to the saloon menu Claim Jumper offers a Steakhouse menu which includes USDA Prime steaks and premium house made shareable sides. Open daily for lunch and dinner, Claim Jumper offers a selection of freshly prepared items using only the finest ingredients available. Favorites include Certified Angus Beef®, fresh fish, baby back pork ribs, fresh baked pot pie, specialty salads, pasta, sandwiches, burgers and more. ",true,25,245,rating:3.9,true,false,false,true,null,1486,32.719544,-117.172199,(619) 531-7994,UBER_EATS,https://ubertrk.com/c/2606859/811249/5714?prodsku=cdc70191-4cdb-42c7-a456-96f7a18bca13&u=https%3A%2F%2Fwww.ubereats.com%2Fsan-diego%2Ffood-delivery%2Fclaim-jumper-1355-north-harbor-drive%2FzccBkUzbQsekVpb3oYvKEw%2F%3Futm_campaign%3Daffiliate-ir-%7Birmpname%7D_1_-99_national_e_all_acq_cpa_en_click-%7Bclickid%7D&intsrc=CATF_5854
113968,Puesto at the Headquarters,GuestCenter,on,https://www.opentable.com/r/puesto-at-the-headquarters-san-diego,$31 to $50,Downtown / Gaslamp,Mexican,null,false,eyJ2IjoyLCJtIjoxLCJwIjowLCJzIjowLCJuIjowfQ,false,Casual Dining,"789 W. Harbor Dr., San Diego, CA, 92101","Owned and operated by a Mexican American family whose best memories all include tacos, Puesto is an award-winning Mexican Artisan Kitchen & Bar providing an innovative approach to authentic Mexican flavors. Puesto has garnered national acclaim for its Mexico City-style crispy melted cheese tacos, served on handmade non-GMO, organic, maíz azul stone-ground tortillas. \r\n\r\nIn addition to tacos, offerings include a selection of fresh catch ceviches, guacamoles, starters and ensaladas, courtesy of Chef/Partner Luisteen Gonzales. The bar program showcases the best of Mexico City through the use of fresh ingredients in our hand crafted cocktails and housemade Micheladas, tequilas, mezcals, Baja craft beers, and Valle de Guadalupe wines you can’t find elsewhere \r\n\r\nWe’re honored to have been featured by media outlets nationally and internationally, some of which include National Geographic, Huffington Post, Refinery 29, MSN, Insider, Zagat, Eater, Food and Wine, and LA Times.",true,89,2598,rating:4.4,true,false,false,true,null,790,32.711308,-117.169175,(619) 233-8880,POSTMATES,https://postmates.onelink.me/5uYG?pid=opentable&c=opentable&af_dp=postmates%3A%2F%2Fv1%2Fplaces%2F6c8a4ec4-34e5-4031-bd5e-4fb71c18b8ac&af_web_dp=https%3A%2F%2Fpostmates.com%2Fmerchant%2Fpuesto-san-diego
166114,Water Grill - San Diego,GuestCenter,on,https://www.opentable.com/water-grill-san-diego,$31 to $50,Downtown / Gaslamp,Seafood,null,false,eyJ2IjoyLCJtIjoxLCJwIjowLCJzIjowLCJuIjowfQ,false,Casual Elegant,"615 J Street, San Diego, CA, 92102","Located steps away from Petco Park in the heart of Downtown San Diego, Water Grill is a true seafood destination. Family owned and operated, Water Grill focuses on first-of-the-season seafood and has delivered a superior dining experience for more than 30 years. Their devotion to quality seafood sourced in-house, is illustrated on their daily menus.\u003cbr /> \u003cbr />Sourcing from local fishermen, Water Grill’s seafood arrives from boat to table in a matter of hours. Water Grill Executive Chefs prepare the dishes with care, allowing the fresh seafood to shine, while using high-quality ingredients to elevate the recipe. From Spiny Lobsters in the fall to Wild Salmon in the spring, Water Grill’s focus is all about local, sustainable seafood and a one-of-a-kind experience. \u003cbr /> \u003cbr />A safe and comfortable experience, Water Grill follows all the CDC guidelines to ensure you have an amazing experience each and every time.",true,102,1935,rating:4.6,false,false,false,false,null,6,32.709209,-117.158898,(619) 717-6992,,
20050,Cowboy Star,GuestCenter,on,https://www.opentable.com/r/cowboy-star-san-diego,$50 and over,Downtown / Gaslamp,Steakhouse,null,false,eyJ2IjoyLCJtIjoxLCJwIjowLCJzIjowLCJuIjowfQ,false,Casual Elegant,"640 10th Ave, San Diego, CA, 92101","Located in the heart of the East Village neighborhood of San Diego, Cowboy Star is dedicated to providing an unmatched attention to detail and a level of service that immediately sets us apart.  Cowboy Star guests are the number one priority and guest satisfaction is the base upon which our entire concept is built. \u003cbr />\u003cbr />Our level of service is only matched by our celebration of regional American heirloom recipes offered with genuine neighborly hospitality.  We are committed to supporting local and regional farmers, fishers and producers by cooking food that recaptures the simple and pure tastes found in locally grown, natural and organic ingredients.  We strive to raise awareness of a more sustainable food future, while helping to restore a sense of community that brings us back to a more homegrown time.\u003cbr />\u003cbr />The Cowboy Star Menu features the finest in select natural products including Niman Ranch all natural beef from the nation's leading Certified Humane Angus herd.",false,31,3282,rating:4.8,false,true,false,false,null,560,32.712153,-117.155865,(619) 450-5880,,
94132,Barrio Star,GuestCenter,on,https://www.opentable.com/r/barrio-star-san-diego,$30 and under,Banker's Hill,Mexican,null,false,eyJ2IjoyLCJtIjoxLCJwIjowLCJzIjowLCJuIjowfQ,false,Casual Dining,"2706 5th Ave, San Diego, CA, 92103","The sky’s the limit at Barrio Star--presenting San Diego with modern Mexican Soul Food woven with bold Latin flavors and clever Asian touches. \n\nAs one of several restaurants created by award-winning chef and restaurateur Isabel Cruz, Barrio Star’s bright and lively décor is a metaphor for what we proudly serve. Our vibrant flavors and healthier renditions of classic Mexican dishes reveal thoughtfully presented menu items that are sure to please every palate. \n\nPairing with our well-prepared food is a mouthwatering beer and cocktail menu. Besides serving standard Mexican beers, we also offer rotating drafts as well as an extensive tequila menu. Kickstart the evening with our roasted jalapeno blackberry margarita and let the fiesta begin!",false,22,936,rating:4.6,true,false,true,true,null,994,32.733608,-117.160305,(619) 501-7827,POSTMATES,https://postmates-by-uber-eats.sjv.io/c/2606859/1141057/13340?prodsku=b38260db-5e95-48ee-8001-0ba057d56e2e&u=https%3A%2F%2Fwww.postmates.com%2Fstore%2Fbarrio-star%2Fs4Jg216VSO6AAQugV9VuLg%2F%3Futm_campaign%3Daffiliate-ir-%7Birmpname%7D_1_-99_national_e_all_acq_cpa_en_click-%7Bclickid%7D&intsrc=CATF_8869
92713,The Lion's Share,GuestCenter,on,https://www.opentable.com/the-lions-share,$30 and under,Downtown / Gaslamp,Wild Game,null,false,eyJ2IjoyLCJtIjoxLCJwIjowLCJzIjowLCJuIjowfQ,false,Casual Dining,"629 Kettner Blvd., San Diego, CA, 92101","In addition to modern American fare, The Lion's Share features exotic meats seldom found in other restaurants.  The menu pairs well with an interesting wine list focused around small production wineries.  \u003cbr>\u003cbr />Last, but not least, they offer hand-crafted cocktails considered amongst the best in the city in an eclectic atmosphere with a friendly staff.",true,19,898,rating:4.8,false,false,false,false,null,,32.711935,-117.168932,(619) 564-6924,,
1605,The Melting Pot - Gaslamp Quarter,GuestCenter,on,https://www.opentable.com/the-melting-pot-gaslamp-quarter,$31 to $50,Downtown / Gaslamp,Fondue,null,false,eyJ2IjoyLCJtIjoxLCJwIjowLCJzIjowLCJuIjowfQ,false,Casual Elegant,"901 Fifth Avenue, San Diego, CA, 92101","Welcome to The Melting Pot  San Diego Gaslamp\u003cbr />\u003cbr />Located on 5th Ave & E St in the historic Gaslamp Plaza Suites, the San Diego - Gaslamp Melting Pot Restaurant brings a truly unique, romantic and interactive four-course fondue dining experience to San Diego's vibrant downtown dining scene.! ",false,40,2021,rating:4.7,false,false,false,false,null,8,32.714746,-117.15993,(619) 234-5554,,
1049623,Monzu Fresh Pasta,GuestCenter,on,https://www.opentable.com/r/monzu-fresh-pasta-san-diego,$31 to $50,Downtown / Gaslamp,Italian,null,false,eyJ2IjoyLCJtIjoxLCJwIjowLCJzIjowLCJuIjowfQ,false,Casual Dining,"455 10th Ave, San Diego, CA, 92101-7201","We are Monzu Fresh Pasta, a fast-casual eatery serving Italian and contemporary flavors made from scratch in the heart of San Diego’s East Village. In drawing upon our European heritage and passion for hand-crafted meals, we take pride in transporting you to Italy via our home country’s most beloved staple: fresh pasta.",true,14,249,rating:4.7,false,false,false,true,null,,32.709932,-117.15534,(619) 255-5032,,
269602,Lionfish Restaurant at The Pendry Hotel,GuestCenter,on,https://www.opentable.com/r/lionfish-restaurant-at-the-pendry-hotel-san-diego,$30 and under,Downtown / Gaslamp,Seafood,null,false,eyJ2IjoyLCJtIjoxLCJwIjowLCJzIjowLCJuIjowfQ,false,Casual Elegant,"435 Fifth Ave, San Diego, CA, 92101","The taste of fresh sustainable seafood has come to the Gaslamp Quarter.\nLionfish, located in the Pendry San Diego, is a modern, cutting edge restaurant located on 5th Avenue that features fresh-catch cuisine and seasonal ingredients, all prepared with innovative twists by homegrown San Diego chef JoJo Ruiz.\nThe two-story space takes San Diego seafood restaurants to the next level and will honor the essence of the city’s lifestyle with a menu that is both hip and healthy, eccentric but not excessive.\nHaving studied under Michelin star and celebrity chefs, Ruiz has developed a network of fisherman and produce growers to ensure that the Lionfish kitchen uses only the freshest and most seasonal ingredients…",true,32,1047,rating:4.7,false,false,false,false,true,782,32.710075,-117.15984,(619) 738-7200,UBER_EATS,https://www.ubereats.com/san-diego/food-delivery/lionfish-modern-coastal-cuisine/TfgorO7qRQeZD9m2eR-L5w/?utm_source=opentable&utm_content=TfgorO7qRQeZD9m2eR-L5w
95866,Osteria Panevino,GuestCenter,on,https://www.opentable.com/r/osteria-panevino-san-diego,$30 and under,Downtown / Gaslamp,Italian,null,false,eyJ2IjoyLCJtIjoxLCJwIjowLCJzIjowLCJuIjowfQ,false,Casual Dining,"722 5th Ave, San Diego, CA, 92101","Osteria Panevino is the oldest restaurant in all of the Gaslamp Quarter that features the best Italian cuisine that San Diego has to offer, winning the gold awards for best family restaurant in San Diego, and best Italian Cuisine in San Diego that will surely have your taste buds blown away. Our world renowned chef, Vincenzo Lo Verso, has spent over 25 years perfecting his Sicilian recipes, following age-old family traditions that have withstood the test of time. Stop by and surround yourself in a rustic, Tuscan ambience as chef Vincenzo takes you on a culinary adventure of a lifetime.",true,42,1152,rating:4.4,false,false,false,false,null,912,32.712933,-117.160277,(619) 595-7959,POSTMATES,https://postmates.onelink.me/5uYG?pid=opentable&c=opentable&af_dp=postmates%3A%2F%2Fv1%2Fplaces%2Fb1a9e46b-72cc-46d1-a1ff-b9656ca11077&af_web_dp=https%3A%2F%2Fpostmates.com%2Fmerchant%2Fosteria-panevino-san-diego&af_android_url=https%3A%2F%2Fpostmates.com%2Fmerchant%2Fosteria-panevino-san-diego&af_ios_url=https%3A%2F%2Fpostmates.com%2Fmerchant%2Fosteria-panevino-san-diego
1346,Lou & Mickey's,GuestCenter,on,https://www.opentable.com/lou-and-mickeys,$31 to $50,Downtown / Gaslamp,Steakhouse,null,false,eyJ2IjoyLCJtIjoxLCJwIjowLCJzIjowLCJuIjowfQ,false,Casual Elegant,"224 Fifth Avenue, San Diego, CA, 92101","Located across the street from the San Diego Convention Center and nestled underneath the iconic entrance to the Gaslamp Quarter, Lou &amp; Mickey’s has been Downtown San Diego’s favorite steakhouse for over a decade. The restaurant was recently renovated, yet still magically transports you to another time. Whether you’re a Ribeye fanatic or a Wagyu lover, this timeless steakhouse is a true meat destination.",false,78,2524,rating:4.5,true,false,false,false,null,6,32.707601,-117.16019,(619) 237-4900,,
3439,Asti Ristorante,GuestCenter,on,https://www.opentable.com/asti-ristorante,$30 and under,Downtown / Gaslamp,Italian,null,false,eyJ2IjoyLCJtIjoxLCJwIjowLCJzIjowLCJuIjowfQ,false,Casual Elegant,"728 5th Avenue, San Diego, CA, 92101","Since 1994, Asti has been serving locals and visitors authentic Italian cuisine in a unique and inviting atmosphere.  Whether you dine on our lively patio, or choose to sit inside and enjoy the beautiful artwork and brick walls, you're sure to have an unforgettable dining experience.\u003cbr />\u003cbr />Each dish on our menu, from our selection of antipasti, handmade pastas, fresh seafood, and quality steaks, is inspired by the delicious flavors of Northern Italy.  While some restaurants offer small plates, Asti continues to serve up delicious abundance, all freshly and individually prepared to order.  With an extensive vintage wine selection and knowledgeable staff, we deliver a true Italian dining experience that will leave your palate asking for more!\u003cbr />\u003cbr />\u003cbr />",true,31,1274,rating:4.4,false,false,false,true,null,30,32.712996,-117.160371,(619) 232-8844,POSTMATES,https://postmates.onelink.me/5uYG?pid=opentable&c=opentable&af_dp=postmates%3A%2F%2Fv1%2Fplaces%2F93036ef4-24f6-4d45-bb97-f8c0c7c032ef&af_web_dp=https%3A%2F%2Fpostmates.com%2Fmerchant%2Fasti-ristorante-san-diego&af_android_url=https%3A%2F%2Fpostmates.com%2Fmerchant%2Fasti-ristorante-san-diego&af_ios_url=https%3A%2F%2Fpostmates.com%2Fmerchant%2Fasti-ristorante-san-diego
99943,Edgewater Grill,GuestCenter,on,https://www.opentable.com/r/edgewater-grill-san-diego,$30 and under,Downtown / Gaslamp,American,null,false,eyJ2IjoyLCJtIjoxLCJwIjowLCJzIjowLCJuIjowfQ,false,Casual Dining,"861 West Harbor Dr, San Diego, CA, 92101","Edgewater Grill is located in Seaport Village, on downtown San Diego's Bay. We have one of the finest waterfront views in San Diego! Spanning the length of the restaurant are outdoor patios where guests can enjoy an unobstructed view of the Coronado Bridge and Island.",false,23,794,rating:4.2,true,false,true,false,null,9507,32.708708,-117.171296,(619) 232-7581,,
1194475,Mad House,OTConnectPlus,on,https://www.opentable.com/r/mad-house-san-diego,$30 and under,Barrio Logan,American,null,false,eyJ2IjoyLCJtIjoxLCJwIjowLCJzIjowLCJuIjowfQ,false,Casual Dining,"801 Fourth Ave, San Diego, CA, 92101-6121",Welcome to Mad House! Home of the biggest menu in the Gaslamp Quarter. We're open late :),true,null,0,rating:0,false,false,false,false,null,,32.713801,-117.160809,(619) 269-1987,,
16927,Nobu San Diego,GuestCenter,on,https://www.opentable.com/nobu-san-diego,$30 and under,Downtown / Gaslamp,Bar / Lounge / Bottle Service,1434051,false,eyJ2IjoyLCJtIjoxLCJwIjowLCJzIjowLCJuIjowfQ,false,Casual Elegant,"207 Fifth Avenue, San Diego, CA, 92101",World renowned for its award winning \New Style\ Japanese cuisine,true,38,2919,rating:4.6,true,false,false,true,true,32,32.707542,-117.15989,(619) 814-4124,POSTMATES,https://postmates-by-uber-eats.sjv.io/c/2606859/1141057/13340?prodsku=bc8a692d-c987-4e9e-81ab-86b2db4d08ba&u=https%3A%2F%2Fwww.postmates.com%2Fstore%2Fnobu-san-diego%2FvIppLcmHTp6Bq4ay200Iug%2F%3Futm_campaign%3Daffiliate-ir-%7Birmpname%7D_1_-99_national_e_all_acq_cpa_en_click-%7Bclickid%7D&intsrc=CATF_8869
1020976,Sugar Factory American Brasserie - Theatre Box,GuestCenter,on,https://www.opentable.com/r/sugar-factory-american-brasserie-theatre-box-san-diego,$31 to $50,Downtown / Gaslamp,American,null,false,eyJ2IjoyLCJtIjoxLCJwIjowLCJzIjowLCJuIjowfQ,false,Casual Dining,"701 Fifth Ave., San Diego, CA, 92101","Sugar Factory is known the world over for its celebrity-endorsed Couture Pops, which have turned sweets into the latest designer accessory. We now have locations in some of the world’s most cosmopolitan cities, including Las Vegas, New York City, Bahrain, Chicago, Miami, Dubai, Orlando and Manila.\r\n\r\nIconic superstars including Kylie Jenner, Kendall Jenner, Britney Spears, Drake, Nicole Scherzinger, Kim Kardashian, Eva Longoria and Rupert Grint are just a few of the celebrities who have either endorsed or have been spotted with the sparkly lollipops. Sugar Factory’s loyal celebrity following has received widespread media attention from People Magazine, the Daily Mail, US Weekly, Entertainment Tonight, Extra and more.",true,140,1856,rating:3.8,true,false,true,true,true,572,32.71279,-117.159845,(619) 814-2225,UBER_EATS,https://www.ubereats.com/san-diego/food-delivery/sugar-factory/ZfD7XkBBSjuMvRTghpEL7w/?utm_source=opentable&utm_content=ZfD7XkBBSjuMvRTghpEL7w
169480,Albert's Restaurant - San Diego Zoo,GuestCenter,on,https://www.opentable.com/alberts-restaurant-san-diego-zoo,$31 to $50,North Park,International,null,false,eyJ2IjoyLCJtIjoxLCJwIjowLCJzIjowLCJuIjowfQ,false,Casual Dining,"3391 Richmond St., San Diego, CA, 92103","Located in the heart of the San Diego Zoo, Albert’s offers full-service dining where you can enjoy deck seating with the ambiance of a tropical waterfall.  Patio seating not guaranteed!\u003cbr />\u003cbr />The menu features a variety of unique dishes including seafood specialties, a variety of entrees, salads, sandwiches, and children’s options. \u003cbr />\u003cbr />Join us for Weekend Brunch on Saturdays and Sundays from 10:00 am to 12:00 pm.\u003cbr />\u003cbr />Valid San Diego Zoo Membership or admission ticket is required to dine in Alberts Restaurant.\u003cbr />",false,35,1742,rating:4.4,false,false,false,false,null,,32.734654,-117.152047,(619) 685-3200,,
1085485,Gyu-kaku - Downtown San Diego,GuestCenter,on,https://www.opentable.com/r/gyu-kaku-downtown-san-diego,$30 and under,Downtown / Gaslamp,Japanese,null,false,eyJ2IjoyLCJtIjoxLCJwIjowLCJzIjowLCJuIjowfQ,false,Casual Dining,"801 5th Ave, San Diego, CA, 92101","We are open for limited dine-in service.\u003cbr />\u003cbr />We have updated our operations in accordance with all government guidelines to put your health and safety first.\u003cbr />\u003cbr />To maintain a safe environment for you and Gyu-Kaku staff, we ask that all guests understand and adhere to the following:\u003cbr />\u003cbr />- Masks are recommended\u003cbr />- There may be limits on party sizes.\u003cbr />- We are serving a limited menu. Not all Grand Menu items will be available during our immediate reopening.\u003cbr />- We only accept payment via credit or debit card. Cash payments respectfully declined.\u003cbr />",false,29,69,rating:4.5,false,false,false,false,null,00,32.713787,-117.159872,(619) 310-5782,,
106951,Gaslamp Fish House,GuestCenter,on,https://www.opentable.com/r/gaslamp-fish-house-san-diego,$30 and under,Downtown / Gaslamp,Seafood,null,false,eyJ2IjoyLCJtIjoxLCJwIjowLCJzIjowLCJuIjowfQ,false,Casual Dining,"411 Broadway Ave., San Diego, CA, 92101","Gaslamp Fish House is opened. Our Guests and employee's safety is our main concern. We are taking extra action to keep everyone safe.\u003cbr />\u003cbr />We are offering a unique fusion of Mediterranean and American Cuisine.  Our Oyster bar, Fresh Fish and Seafood, as well as all our Black Angus Grass Fed Beef are sourced locally from sustainable San Diego Fisheries and California Farms. \u003cbr />\u003cbr />Come to check us, seat and relax, our Team will do the rest. ",true,19,825,rating:3.8,false,false,true,true,null,,32.715572,-117.160983,(619) 795-3800,,
1193086,Barrel & Board Social,GuestCenter,on,https://www.opentable.com/r/barrel-and-board-social-san-diego,$31 to $50,Hillcrest,Contemporary American,null,false,eyJ2IjoyLCJtIjoxLCJwIjowLCJzIjowLCJuIjowfQ,false,Elegant Dining,"1027 University Ave, San Diego, CA, 92103-3309","A New Woman-Forward Intimate Cocktail &amp; Food Experience is Here!\u003cbr />Welcome to Hillcrest’s chicest spot for craft cocktails, barrel-aged potables, and chef-inspired shareable boards. An upscale LGBTQ+ bar, restaurant &amp; event space brought to you by the Mo’s Universe Group! \u003cbr />Named San Diego's Top 10 Hottest Cocktail spots by EATER, as well as Open Table's Top 10 DINERS CHOICE Winner! \u003cbr />",true,26,39,rating:4.8,true,false,false,true,null,971,32.7481313,-117.154646,(619) 902-4646,,
40030,Fleming's Steakhouse - San Diego,GuestCenter,on,https://www.opentable.com/flemings-steakhouse-san-diego,$31 to $50,Downtown / Gaslamp,Steak,null,false,eyJ2IjoyLCJtIjoxLCJwIjowLCJzIjowLCJuIjowfQ,false,Fine Dining,"380 K Street, San Diego, CA, 92101","Fleming's Prime Steakhouse &amp; Wine Bar is an outstanding choice to enjoy an exceptional Prime steak, glass of wine or handcrafted cocktail. Whether you’re celebrating a special occasion, hosting a business dinner or simply wanting to enjoy an excellent culinary experience  – we will create a safe and memorable evening for you. If you prefer to enjoy your fine dining experience at home, you can order and pay for lunch or dinner online and then pick up curbside or select from one of our delivery partners.",true,18,1683,rating:4.8,true,false,false,false,null,6,32.708368,-117.161196,(619) 237-1155,POSTMATES,https://postmates-by-uber-eats.sjv.io/c/2606859/1141057/13340?prodsku=9af184cc-c93c-4565-bd2b-a0ceb85db5cf&u=https%3A%2F%2Fwww.postmates.com%2Fstore%2Fflemings-prime-steakhouse-%2526-wine-bar-san-diego%2FmvGEzMk8RWW9K6DOuF21zw%2F%3Futm_campaign%3Daffiliate-ir-%7Birmpname%7D_1_-99_national_e_all_acq_cpa_en_click-%7Bclickid%7D&intsrc=CATF_8869
62380,Greystone Prime Steakhouse & Seafood,GuestCenter,on,https://www.opentable.com/r/greystone-prime-steakhouse-and-seafood-san-diego,$31 to $50,Downtown / Gaslamp,Steakhouse,null,false,eyJ2IjoyLCJtIjoxLCJwIjowLCJzIjowLCJuIjowfQ,false,Casual Elegant,"658 5th Ave., San Diego, CA, 92101","Greystone Prime Steakhouse &amp; Seafood has been a landmark destination in the historic Gaslamp Quarter in Downtown San Diego for 20 years. As a family-owned restaurant with family values that is dedicated to the highest level of service, we were honored when we were recognized as being one of the top 10 steakhouses in California. Our wide selection of USDA prime meat, and exotic game is surely going to have you taste buds begging for more. We offer an elegant and classic ambiance made perfect with the beautiful lighting, setting a romantic mood for a date night. Come stop by for our world famous wagyu and espresso martinis for a once-in-a-lifetime experience",false,50,1544,rating:4,false,false,false,true,null,912,32.712303,-117.16027,(619) 232-0225,,
41335,Operacaffe,GuestCenter,on,https://www.opentable.com/operacaffe,$30 and under,Downtown / Gaslamp,Italian,null,false,eyJ2IjoyLCJtIjoxLCJwIjowLCJzIjowLCJuIjowfQ,false,Casual Dining,"835 4th Ave, San Diego, CA, 92101","At Operacaffe we are passionate about  our culinary business and our customers.  The reputation for excellent cuisine, top-notch service, the quality and freshness of ingredients are the reasons we are so proud of our brand new restaurant!",true,14,871,rating:4.7,false,false,false,true,null,,32.714147,-117.161047,(619) 234-6538,,
1147690,Cerveza Jack's Gaslamp,GuestCenter,on,https://www.opentable.com/r/cerveza-jacks-gaslamp-san-diego,$30 and under,Downtown / Gaslamp,Southern,null,false,eyJ2IjoyLCJtIjoxLCJwIjowLCJzIjowLCJuIjowfQ,false,Casual Dining,"322 5th Ave, San Diego, CA, 92101-6910","Located in the Gaslamp District of San Diego, Cerveza Jack's is an everyday escape for any food &amp; drink lover. Our menu features Southern comfort favorites inspired by our sister location in “Music City” Nashville, TN, while maintaining the effortless cool of the California coast. Perfect for a Lunch in the San Diego sun or a night of drunken debauchery (or both), Cerveza Jack's promises to be an oasis complete with live music, big personality and memories to be made.\u003cbr />\u003cbr />**All checks will have a 4% pandemic recovery surcharge due to the additional costs associated with the impact on our business and operations. This is not a gratuity and will be used to help us offset the additional product, labor, overhead and other costs.**",false,7,49,rating:4.2,true,true,true,true,null,9632,32.7087699,-117.1603946,(619) 546-9292,,
149425,La Bonne Table,GuestCenter,on,https://www.opentable.com/la-bonne-table,$30 and under,Hillcrest,French,null,false,eyJ2IjoyLCJtIjoxLCJwIjowLCJzIjowLCJuIjowfQ,false,Casual Elegant,"3696 5th Avenue, San Diego, CA, 92103","LA BONNE TABLE is a cozy and intimate restaurant in the heart of the bustling neighborhood of Hillcrest. We serve country french food in a bistro fashion. Our menu consists of classic french dishes, a modest but excellent selection that will change with the seasons. We offer a romantic atmosphere and elegant setting, full bar and french beer on tap. Reservations are recommended as seating is very limited in this exclusive restaurant. ​Bon Appetit!",false,12,865,rating:4.9,false,false,false,false,null,,32.745038,-117.160575,(619) 260-8039,,
44683,Bandar Restaurant,GuestCenter,on,https://www.opentable.com/r/bandar-restaurant-san-diego,$30 and under,Downtown / Gaslamp,Mediterranean,null,false,eyJ2IjoyLCJtIjoxLCJwIjowLCJzIjowLCJuIjowfQ,false,Fine Dining,"845 4th Ave, San Diego, CA, 92101"," \u003cbr />For dining:\u003cbr />Monday - Thursday: 4:00pm to 9:00pm\u003cbr />Friday: 4:00pm to 10:00pm\u003cbr />Saturday: 1:30pm to 10:00pm\u003cbr />Sunday: 1:30pm to 9:00pm\u003cbr />\u003cbr />We are open for Takeout  everyday   \u003cbr />\u003cbr />\u003cbr />Bandar Restaurant serves Mediterranean food with unique Persian spices flown to San Diego and served in original recipes. Chefs Behrooz and Shokooh create simple preparations to showcase them, alongside an exotic variety of oven-roasted eggplant, charbroiled chicken, seafood and flavorful prime steaks. Look for signature classics such as Nadari, Barg and Soltani. Bandar Restaurant is award-winning since 1996. The restaurant has a unique energy, sitting right in the heart of Gaslamp Quarter in Downtown San Diego. ",true,5,791,rating:4.5,false,false,false,false,null,,32.714249,-117.161048,(619) 238-0101,UBER_EATS,https://ubertrk.com/c/2606859/811249/5714?prodsku=311e368f-42b8-46b5-8885-5b334f1abf5c&u=https%3A%2F%2Fwww.ubereats.com%2Fsan-diego%2Ffood-delivery%2Fbandar%2FMR42j0K4RrWIhVszTxq_XA%2F%3Futm_campaign%3Daffiliate-ir-%7Birmpname%7D_1_-99_national_e_all_acq_cpa_en_click-%7Bclickid%7D&intsrc=CATF_5854
1009768,The Rooftop by STK,OTConnectPlus,on,https://www.opentable.com/r/the-rooftop-by-stk-san-diego,$30 and under,Downtown / Gaslamp,Californian,null,false,eyJ2IjoyLCJtIjoxLCJwIjowLCJzIjowLCJuIjowfQ,false,Casual Dining,"600 F Street, San Diego, CA, 92101","We are currently offering, order at the bar style service for food and drinks with OPEN SEATING.  Reservations are not required to access the Rooftop.  \u003cbr />\u003cbr />Please note that the menu from STK Restaurant (lobby level) is not available on the Rooftop.\u003cbr />\u003cbr />For parties larger than 8 or cabana rentals, please email ly.costales@andaz.com\u003cbr />\u003cbr />\u003cbr />\u003cbr />\u003cbr />\u003cbr /> ",true,8,130,rating:4.1,false,false,false,false,null,,32.713867,-117.158919,(619) 814-2029,,
59722,The Red Door,GuestCenter,on,https://www.opentable.com/r/the-red-door-san-diego,$30 and under,Mission Hills,Italian,null,false,eyJ2IjoyLCJtIjoxLCJwIjowLCJzIjowLCJuIjowfQ,false,Casual Elegant,"741 W. Washington St., San Diego, CA, 92103","The Red Door San Diego is committed to offering our guests sustainable and responsibly sourced farm-to-fork dishes. We proudly serve contemporary Italian and modern European cuisine with the freshest locally grown and handcrafted products available. We also feature delicious and unique ingredients from around the world. Chef/Owner Luciano Cibelli shops daily, personally selecting every item we serve. He bakes fresh breads, rolls, desserts and all of the pasta in house (including a special Gluten Free Bucatini) and he develops his menus in rhythm with the seasonal San Diego harvest.  Enjoy nightly special offerings or a house favorite, Beef Wellington. Join us for the highly rated cuisine and return for the charming ambiance and excellent service behind the Red Door. ",true,37,2184,rating:4.8,true,false,false,true,null,805,32.749838,-117.170297,(619) 295-6000,,
1063555,Saltwater,GuestCenter,on,https://www.opentable.com/r/saltwater-san-diego,$31 to $50,Downtown / Gaslamp,Seafood,null,false,eyJ2IjoyLCJtIjoxLCJwIjowLCJzIjowLCJuIjowfQ,false,Fine Dining,"565 5th Ave, San Diego, CA, 92101-6913","Saltwater is the premiere seafood restaurant in the Gaslamp Quarter, owned by the SD Dining group. As the best seafood restaurant in San Diego, we pride ourselves on the freshness of our ingredients, with fish being flown in daily from the mediteranean sea straight to our fresh fish bar where diners can choose their fish, weigh it and have it cooked to perfection, exactly how they like it! This is one of the few restaurants in California that offers this kind of seafood experience and truly sets us apart from our competition. The interior is a stunning deep royal blue that offers a romantic, premier, and nautical ambience that will make you feel like you are on a 90’ Riva yacht sailing through the Grand Canal. Come stop by for an experience that you will surely never forget.",false,13,167,rating:4.1,true,false,false,true,null,912,32.711373,-117.15994,(619) 525-9990,,
11896,Peohe's - Coronado Waterfront Restaurant,GuestCenter,on,https://www.opentable.com/r/peohes-coronado-waterfront-restaurant-coronado,$30 and under,Coronado,Seafood,null,false,eyJ2IjoyLCJtIjoxLCJwIjowLCJzIjowLCJuIjowfQ,false,Casual Elegant,"1201 1st St, Coronado, CA, 92118","Nestled on Coronado Island, offers spectacular waterfront views of the San Diego Skyline just across the bay. Famous for fresh fish, seafood, steaks, prime rib and other Island-inspired cuisine. 3 Hour Parking Validation when you dine with Peohe's.",true,106,6711,rating:4.2,false,false,false,false,null,9,32.69866,-117.168915,(619) 437-4474,POSTMATES,https://postmates.onelink.me/5uYG?pid=opentable&c=opentable&af_dp=postmates%3A%2F%2Fv1%2Fplaces%2F5defe0c3-80bd-47bb-aa18-27e0681fdccd&af_web_dp=https%3A%2F%2Fpostmates.com%2Fmerchant%2Fpeohes-1201-1st-st&af_android_url=https%3A%2F%2Fpostmates.com%2Fmerchant%2Fpeohes-1201-1st-st&af_ios_url=https%3A%2F%2Fpostmates.com%2Fmerchant%2Fpeohes-1201-1st-st
139657,Union Kitchen & Tap - Gaslamp,GuestCenter,on,https://www.opentable.com/union-kitchen-and-tap-gaslamp,$30 and under,Downtown / Gaslamp,American,null,false,eyJ2IjoyLCJtIjoxLCJwIjowLCJzIjowLCJuIjowfQ,false,Casual Dining,"333 Fifth Ave, San Diego, CA, 92101","The Vibe\u003cbr />\u003cbr />A little more than a stone’s throw from its original digs in Encinitas, Union Kitchen & Tap ignites the Gaslamp with our second neighborhood-friendly dining and drinking destination. Seamlessly melding refined and rustic, vintage and contemporary. Stylish without being sleek, Union Kitchen & Tap is warm and inviting, comfortable and lively.\u003cbr />\u003cbr />Union Kitchen & Tap boasts impressive surroundings of reclaimed wood and modern furnishings bringing their Americana concept to life, along with garage-style doors that open up to a generous patio, connecting Union’s bustling indoor vibe with refreshing outdoor spaces. Live entertainment and weekend DJs always set the stage for a great night out.",true,34,380,rating:4.5,false,false,false,true,null,052,32.70877,-117.159991,(619) 795-9463,,
263782,Pushkin Russian Restaurant,GuestCenter,on,https://www.opentable.com/r/pushkin-russian-restaurant-san-diego,$30 and under,Downtown / Gaslamp,Russian,null,false,eyJ2IjoyLCJtIjoxLCJwIjowLCJzIjowLCJuIjowfQ,false,Casual Elegant,"750 6th Ave, San Diego, CA, 92101","Pushkin Restaurant proudly bears the name in honor of the great Russian writer Alexander Pushkin (May 26, 1799 - January 29, 1837) - Russian poet, play and prose writer, critic, literary theorist, historian, a publicist who laid the foundations of the Russian realistic trend.\u003cbr />\u003cbr />Since our opening in October 2015, we have focused on bringing out the authenticity and deep history of Russian cuisine through our traditional and family recipes. At Pushkin, we pay tribute to the Russian as well as former Soviet Union cuisines from counties such as Ukraine, Armenia, Uzbekistan and Georgia which had a tremendous impact on what is considered Russian cuisine today. We believe this notion creates both unique and new dishes for you to try out!",true,12,288,rating:4.6,false,false,false,false,null,,32.713339,-117.159419,(619) 496-1908,POSTMATES,https://postmates.onelink.me/5uYG?pid=opentable&c=opentable&af_dp=postmates%3A%2F%2Fv1%2Fplaces%2F0ebc54cf-e3a4-4e38-9743-4b99c256be98&af_web_dp=https%3A%2F%2Fpostmates.com%2Fmerchant%2Fpushkin-restaurant-san-diego
153043,Harley Gray Kitchen & Bar,GuestCenter,on,https://www.opentable.com/harley-gray-kitchen-and-bar,$30 and under,Mission Hills,Contemporary American,null,false,eyJ2IjoyLCJtIjoxLCJwIjowLCJzIjowLCJuIjowfQ,false,Casual Dining,"902 West Washington St, San Diego, CA, 92103","Harley Gray kitchen & bar is located on the corner of Goldfinch St. and Washington St. with outside patio seating on both sides, includes heaters and has an open sliding glass door wall.  We offer breakfast, lunch and dinner as well as an amazing weekend Brunch Menu with items including a Lobster Benedict, Organic Acai Bowl and Spicy Chiliquiles and you can take advantage of the $10 free flowing mimosas! \u003cbr />\u003cbr />We are known for many of our fantastic weekly specials at Harley Gray: Wednesday Night neighborhood night which offers Happy Hour all night, Thursday night Live Maine Lobster and Friday night Slow Roast Prime Rib to mention some more popular ones.  We strive to offer you an amazing dining experience that includes incredible food, unique and fun cocktails and of course friendly professional service from our entire staff. ",true,59,826,rating:4.6,true,false,true,true,null,957,32.749909,-117.171417,(619) 955-8451,,
103516,Blind Burro,GuestCenter,on,https://www.opentable.com/blind-burro,$30 and under,Downtown / Gaslamp,Mexican / Southwestern,1423616,false,eyJ2IjoyLCJtIjoxLCJwIjowLCJzIjowLCJuIjowfQ,false,Casual Dining,"639 J St., San Diego, CA, 92101","The Blind Burro specializes in fresh, coastal Baja Mexican cuisine.  Our emphasis is on quality, from the customer service, to the ingredients we use in all of our hand crafted food and drinks.  We want our guests to enjoy Baja Mexican fare right here in East Village, San Diego.  Come in and enjoy a relaxed atmosphere where you can meet over a carafe of spicy margaritas or on tap house sangria. .  Or try us for lunch with clients while enjoying steak tacos and a quinoa mixed green salad.   Hope to see you soon in the unique, airy and comfortable environment we have created for you in downtown San Diego. \u003cbr />\u003cbr />**All checks will have a 4% pandemic recovery surcharge due to the additional costs associated with the impact on our business and operations.  This is not a gratuity and will be used to help us offset the additional product, labor, overhead and other costs.**",false,26,558,rating:4.4,true,false,true,true,null,9632,32.709367,-117.15884,(619) 795-7880,,
1162615,il Sogno Italiano,GuestCenter,on,https://www.opentable.com/r/il-sogno-italiano-san-diego,$30 and under,Downtown / Gaslamp,Italian,null,false,eyJ2IjoyLCJtIjoxLCJwIjowLCJzIjowLCJuIjowfQ,false,Fine Dining,"314 Fifth Ave, San Diego, CA, 92101-6910","An unforgettable dining and musical soiree awaits you as we transport you to a Nostalgic yet modern Americana meets old world ambiance, perfect for any occasion.  Our music program features world class entertainers and touring artists 7 nights a week, paired with an array of specialty craft cocktails and wines from across Italy and the California Coast. Our kitchen uses fresh sustainable ingredients and specializes in California Coastal Italian Cuisine with handmade pizzas, pastas, steaks and seafood. Our Mezzanine accommodates up to 100 guests and we offer a private bar, TV's upon request for private events and meeting spaces. \u003cbr />\u003cbr />We look forward to hosting you at Il Sogno Italiano and Welcome you to San Diegos hottest place for fine dining and music. \u003cbr />\u003cbr />Mondays: Martinis &amp; Jazz w/Grammy Nominated Sacha Boutros and friends/Martini specials all night long\u003cbr />Wednesdays: Passport to Italy \u003cbr />Pop, Jazz, RnB, Motown and beyond every night of the week. ",true,22,79,rating:4.2,true,false,false,false,null,,32.708673,-117.160313,(619) 380-2652,,
159538,Farmer's Bottega Restaurant,GuestCenter,on,https://www.opentable.com/farmers-bottega-restaurant,$30 and under,Mission Hills,American,null,false,eyJ2IjoyLCJtIjoxLCJwIjowLCJzIjowLCJuIjowfQ,false,Casual Dining,"860 West Washington Street, San Diego, CA, 92103","Farm-to-table restaurant located in the heart of Mission Hills.  Farmer's Bottega serves farm fresh breakfast, brunch, lunch, and dinner along with a unique selection of craft local beer and wine.",true,26,1053,rating:4.6,true,false,false,true,null,4761,32.750074,-117.170858,(619) 458-9929,,
7583,Tom Hams Lighthouse,GuestCenter,on,https://www.opentable.com/tom-hams-lighthouse,$31 to $50,Downtown / Gaslamp,Seafood,null,false,eyJ2IjoyLCJtIjoxLCJwIjowLCJzIjowLCJuIjowfQ,false,Casual Elegant,"2150 Harbor Island Dr, San Diego, CA, 92101","Tom Ham’s Lighthouse was built in 1971 by a man who was not afraid to put his name on his product. Rooted in warm welcomes &amp; excellent food, Tom Ham made his lifelong dream a reality. Tom Ham’s Lighthouse is the only restaurant in the US to have a USCG operated &amp; maintained Lighthouse attached to it. You can locate us on any modern nautical map as Beacon #9. Featuring a 100% responsibly resourced seafood menu &amp; award winning Sunday Champagne Brunch, we are a must when it comes to the San Diego food scene. The dining room, purposely shaped like the state of California, allows for groups as grand as 50 yet private enough for a couple’s night out. Holiday brunches have been long time family traditions for many San Diegans. Start your family’s tradition this next holiday. With the best views of the Downtown City Skyline, Coronado &amp; San Diego Bay, Tom Ham's is &amp; remains a San Diego tradition in dining excellence since 1971.",true,95,5017,rating:4.7,true,false,false,false,null,572,32.724725,-117.212439,(619) 291-9110,,
19405,Buca di Beppo - San Diego,GuestCenter,on,https://www.opentable.com/r/buca-di-beppo-san-diego,$30 and under,Downtown / Gaslamp,Italian,null,false,eyJ2IjoyLCJtIjoxLCJwIjowLCJzIjowLCJuIjowfQ,false,Casual Dining,"705 6th Ave, San Diego, CA, 92101","If you are looking for an Italian Restaurant in San Diego, CA then come to Buca. We are located at the corner of Sixth Avenue and G Street and proudly serve authentic family style Italian dishes. We specialize in celebrations and also offer catering suitable for all occasions.",true,10,690,rating:3.9,false,false,false,false,null,,32.712776,-117.15897,(619) 233-7272,POSTMATES,https://postmates.onelink.me/5uYG?pid=opentable&c=opentable&af_dp=postmates%3A%2F%2Fv1%2Fplaces%2b9d4e29d-26ce-4850-af85-4874afef4ff3&af_web_dp=https%3A%2F%2Fpostmates.com%2Fmerchant%2Fpza-san-diego
7165,Ortega's  A Mexican Bistro,GuestCenter,on,https://www.opentable.com/r/ortegas-a-mexican-bistro-san-diego,$30 and under,Hillcrest,Mexican,null,false,eyJ2IjoyLCJtIjoxLCJwIjowLCJzIjowLCJuIjowfQ,false,Casual Elegant,"141 University Ave #4, San Diego, CA, 92103","Ortega’s Mexican Bistro features the authentic flavors of Puerto Nuevo. Experience Baja style lobster and table side guacamole while sipping one of our classic fresh squeezed margaritas. Enjoy dining in our restaurant or for a more energized evening, dine in our bar - La Cantina. Additional flavors include Banana Crusted Huachinango, Flat Iron Steak Burrito, Chicken Mole.  The design captures the festive traditions and tasteful flavors of Puerto Nuevo and Baja California. ",true,22,792,rating:4.1,false,false,false,false,null,,32.748244,-117.164351,(619) 692-4200,,
847,El Agave,GuestCenter,on,https://www.opentable.com/el-agave,$30 and under,Old Town,Mexican,null,false,eyJ2IjoyLCJtIjoxLCJwIjowLCJzIjowLCJuIjowfQ,false,Casual Dining,"2304 San Diego Ave., null, San Diego, CA, 92110","Experience the true flavor of Mexico at San Diego’s premier Mexican cuisine destination.\u003cbr />Established in 1996, El Agave Restaurant &amp; Tequileria offers its patrons a unique dining setting within\u003cbr />the largest tequila museum in the United States – with over 2,700 tequilas on display – also\u003cbr />repeatedly voted the #1 tequila bar in the country. Nestled in historic Old Town, San Diego, it is the\u003cbr />perfect place to enjoy a business lunch, romantic date, rehearsal dinner or to simply relax and\u003cbr />unwind sipping find tequila with friends. \u003cbr />",false,null,1584,rating:4.6,false,false,true,true,true,,32.749627,-117.19217,(619) 220-0692,POSTMATES,https://postmates.onelink.me/5uYG?pid=opentable&c=opentable&af_dp=postmates%3A%2F%2Fv1%2Fplaces%2Feeec608d-2db2-4841-9c56-13365d316661&af_web_dp=https%3A%2F%2Fpostmates.com%2Fmerchant%2Fel-agave-tequileria-san-diego
1142533,Fifth and Rose at Pendry San Diego,GuestCenter,on,https://www.opentable.com/r/fifth-and-rose-at-pendry-san-diego-san-diego,$30 and under,Downtown / Gaslamp,Bar / Lounge / Bottle Service,null,false,eyJ2IjoyLCJtIjoxLCJwIjowLCJzIjowLCJuIjowfQ,false,Casual Dining,"550 J St, San Diego, CA, 92101-7020","A SOPHISTICATED WATERING HOLE WITH ELEVATED BAR FARE     \u003cbr />The Pendry San Diego hotel bar, Fifth &amp; Rose, is a classic cocktail bar in an elegant, chic, and comfortable room. A classic setting for a fitting drink, it is a place to engage in conversation, enjoy bar fare, and linger over the perfect cocktail. Rich stone stands out amidst a black and white palette with crimson details, while candles and fresh roses accent tables. Fifth &amp; Rose is inspired by a host’s living room: comfortable, always welcoming, a place you never want to leave.",true,10,17,rating:4.4,false,false,true,true,null,782,32.709574,-117.159907,(619) 738-7123,,
1080868,Rich's Day Lounge,GuestCenter,on,https://www.opentable.com/r/richs-day-lounge-san-diego,$30 and under,Hillcrest,Bar / Lounge / Bottle Service,null,false,eyJ2IjoyLCJtIjoxLCJwIjowLCJzIjowLCJuIjowfQ,false,Casual Dining,"1051 University Avenue, San Diego, CA, 92103",Rich’s is San Diego’s largest and most popular gay nightclub. Reservations are for our outdoor lounge. For VIP booths inside the nightclub text 619-578-9349. \u003cbr />\u003cbr />We have booths and cabanas for up to 15 guests. Space for larger groups and extended reservations times are available upon request.,false,9,277,rating:4.9,false,false,false,true,null,,32.748081,-117.154071,(619) 578-9349,,
1165033,Social Tap,GuestCenter,on,https://www.opentable.com/r/social-tap-san-diego-2,$30 and under,Downtown / Gaslamp,American,null,false,eyJ2IjoyLCJtIjoxLCJwIjowLCJzIjowLCJuIjowfQ,false,Casual Dining,"815 J St Suite #101, San Diego, CA, 92101","Welcome to your new favorite pregame. Social Tap San Diego sits at the edge of Petco Park, and is the perfect place for Padres fans, locals, and visitors alike to gather for high quality cocktails and bites. This elevated bar scene takes the best of sports bars to a new level, bringing you an incredible dining experience while you cheer for your favorite team. ",true,2,16,rating:4.6,false,false,true,true,null,,32.709203,-117.157035,(619) 398-8938,,
149422,Au Revoir,GuestCenter,on,https://www.opentable.com/au-revoir,$30 and under,Hillcrest,French,null,false,eyJ2IjoyLCJtIjoxLCJwIjowLCJzIjowLCJuIjowfQ,false,Casual Dining,"420 Robinson Ave, Suite A, San Diego, CA, 92103",Located in the heart of Hillcrest,true,22,664,rating:4.6,false,false,false,false,null,801,32.747208,-117.161254,(619) 268-2400,,
1040482,The Henry - Coronado,GuestCenter,on,https://www.opentable.com/r/the-henry-coronado,$30 and under,Coronado,American,null,false,eyJ2IjoyLCJtIjoxLCJwIjowLCJzIjowLCJuIjowfQ,false,Casual Dining,"1031 Orange Ave, Coronado, CA, 92118","Welcome to the greatest neighborhood restaurant, a place where you can always count on a warm welcome from baristas, servers and bartenders who know your order by heart. A fusion of industrial and classical influences, our open dining spaces are bursting with charm and energy. Come and go with ease for your morning coffee, enjoy lunch with a colleague, gather the family together for dinner, or treat yourself to a post-work drink at the bar. For craveable eats and downright delicious cocktails, look no further than a place where you'll always be among friends, a place that feels like home: The Henry.",true,84,718,rating:4.8,false,false,true,true,null,22,32.684964,-117.179356,(619) 762-1022,,
1066639,Rosemary Trattoria,GuestCenter,on,https://www.opentable.com/r/rosemary-trattoria-coronado,$30 and under,Coronado,Italian,null,false,eyJ2IjoyLCJtIjoxLCJwIjowLCJzIjowLCJuIjowfQ,false,Casual Dining,"120 Orange Ave, Coronado, CA, 92118",Rosemary Trattoria \u003cbr />Italian Restaurant in CORONADO,true,12,159,rating:4.5,true,false,false,true,null,,32.698486,-117.172957,(619) 537-0054,,
1081087,The Presley,GuestCenter,on,https://www.opentable.com/r/the-presley-san-diego,$30 and under,Point Loma,American,null,false,eyJ2IjoyLCJtIjoxLCJwIjowLCJzIjowLCJuIjowfQ,false,Casual Dining,"2855 Perry Rd, San Diego, CA, 92106","The Presley is a dynamic outdoor restaurant located in Liberty Station. A great place to gather, The Presley features classic American fare, local seafood, and unique shareable options, as well as an extensive cocktail list that includes frozen drinks, a dole whip mimosa and more!  You can always take advantage of the beautiful San Diego weather on our expansive patios complete with lush greenery, fire pits and swinging benches. It's always good to see you at The Presley!\u003cbr />\u003cbr />*STARTING 7/31/2021, Weekend Brunch will be first come first serve (no reservations). All reservations made prior to 7/31 will be honored. \u003cbr />\u003cbr />**All checks will have a 4% pandemic recovery surcharge due to the additional costs associated with the impact on our business and operations. This is not a gratuity and will be used to help us offset the additional product, labor, overhead and other costs.**",true,62,542,rating:4.6,false,false,false,true,null,9632,32.741083,-117.211056,(619) 877-1800,,
209887,Madison,GuestCenter,on,https://www.opentable.com/madison-san-diego,$30 and under,University Heights,Modern European,null,false,eyJ2IjoyLCJtIjoxLCJwIjowLCJzIjowLCJuIjowfQ,false,Casual Dining,"4622 Park Blvd., San Diego, CA, 92116","Mediterranean-inspired fare and elegant cocktails are served in sleek surroundings at this modern, airy University Heights hangout. ~Zagat",false,121,1649,rating:4.7,true,false,false,true,null,999,32.761457,-117.14643,(619) 269-6566,POSTMATES,https://postmates.onelink.me/5uYG?pid=opentable&c=opentable&af_dp=postmates%3A%2F%2Fv1%2Fplaces%2F747ed29f-cfe6-484c-85ba-339bbe634665&af_web_dp=https%3A%2F%2Fpostmates.com%2Fmerchant%2Fmadison-on-park-san-diego
1078477,Tavola Nostra Pizzeria E Cucina,GuestCenter,on,https://www.opentable.com/r/tavola-nostra-pizzeria-e-cucina-san-diego,$30 and under,Hillcrest,Italian,null,false,eyJ2IjoyLCJtIjoxLCJwIjowLCJzIjowLCJuIjowfQ,false,Casual Dining,"1040 University Ave, Ste B101, San Diego, CA, 92103",Now Open! Tavola Nostra Pizzeria E Cucina is a full-service,true,17,142,rating:4.8,true,false,true,true,null,,32.748732,-117.154103,(619) 310-5256,,
1030222,Suckerfree Southern Plate & Bar,GuestCenter,on,https://www.opentable.com/r/suckerfree-southern-plate-and-bar-san-diego,$30 and under,Downtown / Gaslamp,Southern,null,false,eyJ2IjoyLCJtIjoxLCJwIjowLCJzIjowLCJuIjowfQ,false,Casual Dining,"751 4th Ave, San Diego, CA, 92101","The term “soul food” didn’t become common until the 1960s. With the rise of the civil rights and black nationalist movements during the 1960s, many Black Americans sought to reclaim their part of the American cultural legacy. As terms like soul brother, soul sister and soul music were taking hold, it was only natural that the term soul food would be used to describe the recipes that Black Americans had been cooking for generations. Soul food is basic, down-home cooking with its roots in the rural South. Where the conversations are long, food is cooked slow and the drinks are cold and sweet. To many, all that just sounds like a description of Southern food. The distinctions between Soul &amp; Southern are hard to make. While all Soul food is Southern food, not all Southern food has Soul. Soul food &amp; Southern food cooking are examples of how great Southern cooks cooked with what they had available to them. Suckerfree will always pay homage to both traditions and remain loyal to the soil. SF",true,4,124,rating:4.3,true,false,true,true,null,,32.713305,-117.160803,(619) 892-7744,,
731116,Nason's Beer Hall,GuestCenter,on,https://www.opentable.com/r/nasons-beer-hall-san-diego,$30 and under,Downtown / Gaslamp,Beer Garden,null,false,eyJ2IjoyLCJtIjoxLCJwIjowLCJzIjowLCJuIjowfQ,false,Casual Dining,"570 J St, San Diego, CA, 92101","A new addition to San Diego’s iconic craft beer scene, Nason’s features an expansive selection of local and international beers, globally inspired comfort food, and vintage bar games. Its name pays homage to Nason &amp; Co. Farmer’s Market, which occupied this unique space in the early 1900s. Now offering brunch every Saturday and Sunday!",true,2,32,rating:4.4,false,false,false,true,true,782,32.70938,-117.159352,(619) 738-7060,,
1128439,Storyhouse Spirits,GuestCenter,on,https://www.opentable.com/r/storyhouse-spirits-san-diego,$30 and under,Downtown / Gaslamp,Distillery,null,false,eyJ2IjoyLCJtIjoxLCJwIjowLCJzIjowLCJuIjowfQ,false,Casual Dining,"1220 J St, San Diego, CA, 92101-7541","We are ALL STORYTELLERS!  We founded Storyhouse Spirits on the belief that friendships grow together, share memories, and toast to our lives. While it looks like we’re just meticulously crafting small batch spirits in San Diego’s East Village, we’re secretly doing our part creating a more unified community. Bring your friends and make some new ones. Let’s all sip to the lives we share!",true,4,7,rating:4.9,true,false,false,true,null,,32.709631,-117.153451,(619) 241-2780,,
1033258,Tahona Bar,GuestCenter,on,https://www.opentable.com/r/tahona-bar-san-diego,$30 and under,Old Town,Mexican,null,false,eyJ2IjoyLCJtIjoxLCJwIjowLCJzIjowLCJuIjowfQ,false,Casual Dining,"2414 San Diego Ave, San Diego, CA, 92110","We are welcoming parties of up to 6 for indoor and outdoor dining!\u003cbr />\u003cbr />Parties of 7 or more, please email our large party coordinator at events@tahonabar.com\u003cbr />\u003cbr />Welcome to Tahona! We are the first mezcal bar and tasting room in San Diego. In our restaurant, we invite you to taste our incredible craft cocktails and our amazing contemporary Mexican cuisine featuring Oaxacan bites. In our tasting room, we welcome you to indulge on a mezcal tasting experience! \u003cbr />\u003cbr />We are located next one of the most iconic historical landmark: the Campo Santo Cemetery in Old Town. Inside Tahona, you will be transported to a modern Mexican hacienda designed with hand painted tiles, handmade rope seats, traditionally crafted fabric brought from Oaxaca, hand clayed walls and more.\u003cbr />\u003cbr />We also have a cozy covered outdoor patio dining experience so you will have the choice to dine inside our hacienda or on the streets of Old Town!",false,27,279,rating:4.5,false,false,false,true,null,,32.75176,-117.193357,(619) 255-2090,,
44851,Jack & Giulio's Italian Restaurant,GuestCenter,on,https://www.opentable.com/jack-and-giulios-italian-restaurant,$30 and under,Old Town,Italian,null,false,eyJ2IjoyLCJtIjoxLCJwIjowLCJzIjowLCJuIjowfQ,false,Casual Dining,"2391 San Diego Ave, San Diego, CA, 92110",Jack and Giulio's Italian restaurant has remained a favorite of San Diegans for many years. This popular restaurant,false,8,833,rating:4.7,false,false,false,false,null,,32.750381,-117.19293,(619) 294-2074,,
1051495,Puesto Mission Valley,GuestCenter,on,https://www.opentable.com/r/puesto-mission-valley-san-diego,$30 and under,Mission Valley,Mexican,null,false,eyJ2IjoyLCJtIjoxLCJwIjowLCJzIjowLCJuIjowfQ,false,Casual Elegant,"5010 Mission Center Rd, San Diego, CA, 92108","Puesto is family-owned and operated by first generation Mexican American brothers Eric, Alan and Alex Adler, alongside their cousins Isidoro and Moy Lombrozo and founding chef and partner Luisteen Gonzalez. With six locations in California, Puesto provides an innovative and contemporary approach to authentic Mexican cuisine. Sourcing its ingredients locally and regionally, the restaurant has earned national acclaim for its Mexico City-inspired tacos made with non-GMO organic, heirloom Masienda blue corn stone-ground tortillas, crispy melted cheese and scratch salsas. ",true,136,720,rating:4.6,false,false,false,false,null,790,32.767075,-117.15391,(619) 333-2167,,
1190440,Nicolosi's on 5th,GuestCenter,on,https://www.opentable.com/r/nicolosis-on-5th-san-diego,$30 and under,Barrio Logan,Italian,null,false,eyJ2IjoyLCJtIjoxLCJwIjowLCJzIjowLCJuIjowfQ,false,Casual Dining,"815 Fifth Ave, San Diego, CA, 92101-6107",Coming Soon!,false,3,4,rating:3.7,false,false,true,true,null,,32.713914,-117.159891,(619) 915-5575,,
1083103,Trattoria Don Pietro,GuestCenter,on,https://www.opentable.com/r/trattoria-don-pietro-san-diego,$30 and under,Old Town,Italian,null,false,eyJ2IjoyLCJtIjoxLCJwIjowLCJzIjowLCJuIjowfQ,false,Casual Dining,"2415 San Diego Ave, San Diego, CA, 92110-2801","Thanks to Trattoria Don Pietro, there is finally something new and fresh happening in Old Town. After spending a lifetime of cooking Italian food and a few years in LA learning from the best restaurants in the industry, Pietro is finally ready to roll up his sleeves and show San Diego his take on traditional Italian cuisine with a trendy twist. Between our groundbreaking Italian menu, wisteria garden patio ambiance, and over-the-top cocktails, we stand alone as the most instagrammable restaurant in San Diego. Come stop by today and experience our delicate balance of tradition and trend.",true,null,224,rating:4.3,false,false,false,false,null,,32.751637,-117.193793,(619) 255-7205,,
104812,Rockin Baja Lobster Old Town,GuestCenter,on,https://www.opentable.com/r/rockin-baja-lobster-old-town-san-diego,$30 and under,Old Town,Mexican,null,false,eyJ2IjoyLCJtIjoxLCJwIjowLCJzIjowLCJuIjowfQ,false,Casual Dining,"3890 Twiggs St., San Diego, CA, 92101","Rockin' Baja is a full service and fun Mexican-Seafood restaurant that offers uniquely prepared Baja style seafood presented in rustic steel buckets. We created a diverse menu filled with exceptionally great, finger lickin’ good fun food delivered fresh to your table daily.  Kick back, drink an ice cold beer or margarita, enjoy a shot of tequila and experience all the good times that are Rockin’ Baja.",true,18,1338,rating:4.4,false,false,false,true,null,527,32.751914,-117.196996,(619) 260-0305,UBER_EATS,https://ubertrk.com/c/2606859/811249/5714?prodsku=a1459a68-14cf-4d6c-961d-d9b17bc6d40b&u=https%3A%2F%2Fwww.ubereats.com%2Fsan-diego%2Ffood-delivery%2Frockin-baja-lobster-old-town%2FoUWaaBTPTWyWHdmxe8bUCw%2F%3Futm_campaign%3Daffiliate-ir-%7Birmpname%7D_1_-99_national_e_all_acq_cpa_en_click-%7Bclickid%7D&intsrc=CATF_5854
476077,Casa De Freds,GuestCenter,on,https://www.opentable.com/r/casa-de-freds-tacos-y-tequila-san-diego,$30 and under,Old Town,Mexican,null,false,eyJ2IjoyLCJtIjoxLCJwIjowLCJzIjowLCJuIjowfQ,false,Casual Dining,"2470 San Diego Ave, San Diego, CA, 92110","ABOUT FREDS OLD TOWN | Since 2001, Casa de Freds in Old Town has been bringing the fiesta to San Diego. Freds is the place for amigos - both new and old - to have a great time while enjoying quality food, fresh margaritas and a festive atmosphere. The menu offers a wide variety of delicious, Baja-infused selections that are made from fresh, high-quality ingredients. The vibrant decor and great music provide a unique dining experience right in the heart of historic Old Town. The restaurant offers plenty of versatility for groups of many sizes. The large outdoor patio is dog friendly, so bring in your furry friends and check out the doggy menu! The outdoor bar is a fantastic spot to enjoy the San Diego sun, whether you are here for the weekend or live down the street. Freds newly renovated Fiesta Cantina is the perfect place to watch your favorite sporting events. The Cantina also offers daily specials that will keep your tummies, glasses and pockets full. Thanks Amigo!",true,21,166,rating:4.5,true,false,false,true,null,2296,32.75238,-117.19426,(619) 858-8226,,
43288,Solare Ristorante Lounge,GuestCenter,on,https://www.opentable.com/r/solare-ristorante-lounge-san-diego,$30 and under,Point Loma,Italian,null,false,eyJ2IjoyLCJtIjoxLCJwIjowLCJzIjowLCJuIjowfQ,false,Casual Elegant,"2820 Roosevelt Road, San Diego, CA, 92106","Authentic Italian - OPEN for Dine-In on our two patios - and Take-out, Curbside, and Delivery.  Solare is selected a Michelin Guide Bib Gourmand restaurant - Voted Best Italian Restaurant &amp; Best Wine List by San Diego Magazine. Full Bar - Craft Cocktails. Family-owned and operated, Randy Smerik and his team work hard to offer an amazing dining experience for you. We believe in the use of local fresh organic produce, natural meat and wild seafood and we are a Sustainable Green Restaurant. Each dish is prepared from scratch with love and passion to satisfy our customer's heart and soul. \u003cbr />\u003cbr />Housed in the filming location for Top Gun, Solare helps to sustain the historical landmarks of San Diego's NTC Promenade. \u003cbr />",true,41,1615,rating:4.5,false,false,false,true,null,428,32.737257,-117.214263,(619) 270-9670,,
213820,Et Voila! Bistro,GuestCenter,on,https://www.opentable.com/r/et-voila-bistro-san-diego,$30 and under,North Park,French,null,false,eyJ2IjoyLCJtIjoxLCJwIjowLCJzIjowLCJuIjowfQ,false,Casual Dining,"3015 Adams Ave., Suite A., San Diego, CA, 92116","Et Voilà! is a vibrant neighborhood bistro, located along the North Park corridor. Et Voilà! French Bistro showcases Chef Vincent Viale’s talents, mixing French classics with a modern accent. Find local and seasonal products building upon French recipes from various regions, such as Steak Frites, Coquilles St. Jacques, and soufflés. Explore the diverse regions of France through a curated wine list, and taste a variety of distinct local ingredients with our crafted cocktails. Et Voila! French Bistro is the destination for those looking for a vibrant dining experience, or even for those looking for a simple glass of wine and informal bite at the bar.\u003cbr />Feel free to call us if you cannot see your desired reservation time. We might be able to help. \u003cbr />No reservations accepted for happy hour thank you. \u003cbr />",true,null,1302,rating:4.9,true,true,false,true,null,,32.762642,-117.129844,(619) 209-7759,,
214321,True Food Kitchen - San Diego FV,GuestCenter,on,https://www.opentable.com/true-food-kitchen-san-diego,$30 and under,Mission Valley,American,null,false,eyJ2IjoyLCJtIjoxLCJwIjowLCJzIjowLCJuIjowfQ,false,Casual Elegant,"7007 Friars Rd #394, San Diego, CA, 92108","True Food Kitchen in San Diego is currently open with dine-in and carry-out service. As always, we will continue to prioritize the health and safety of our guests by following the guidance of the CDC and local health officials. We appreciate your patience and understanding as we navigate this new normal together.",false,81,1181,rating:4.6,false,false,false,false,null,950,32.767483,-117.165661,(619) 810-2929,,
58438,Alexander's on 30th,GuestCenter,on,https://www.opentable.com/alexanders-on-30th,$30 and under,North Park,Italian,null,false,eyJ2IjoyLCJtIjoxLCJwIjowLCJzIjowLCJuIjowfQ,false,Fine Dining,"3391 30th St., San Diego, CA, 92104",Family owned and operated Italian-American restaurant with San Diego award winning pizza and the most romantic patio dining in North Park. Make your reservation today and feel free to check our website or call the restaurant for more information. ,true,44,2358,rating:4.7,false,false,false,false,null,,32.740948,-117.129222,(619) 281-2539,,
147553,Stake Chophouse & Bar,GuestCenter,on,https://www.opentable.com/stake-chophouse-and-bar,$50 and over,Coronado,Steakhouse,7,false,eyJ2IjoyLCJtIjoxLCJwIjowLCJzIjowLCJuIjowfQ,false,Fine Dining,"1309 Orange Ave., Coronado, CA, 92118","Prominently situated in the heart of Coronado’s iconic village, Stake is a modern take on the classic chophouse of decades past with a chef-driven menu sourced with only the highest quality ingredients available.\u003cbr />\u003cbr />Chef de Cuisine Sergio Jimenez’s menu includes a number of share-friendly filets, chops, Japanese A5 wagyu, and dry-aged prime steak, an expansive selection of seafood appetizers including raw oysters from both East &amp; West coasts, Alaskan King Crab, ice-cold shellfish &amp; crudo, healthy salads, and rustic, wood fire-roasted side dishes, in addition to a handful of freshly composed seasonal seafood entrées.\u003cbr />\u003cbr />Stake Chophouse &amp; Bar is the only restaurant in Coronado that received the Best of Award of Excellence from Wine Spectator for 6 years in a row! Our experienced sommeliers can help pair the perfect wines with your dish. \u003cbr />\u003cbr />- Daily Happy Hour: 4pm-6:30pm",true,16,1050,rating:4.6,false,false,false,true,true,690,32.683103,-117.178572,(619) 522-0077,,
101254,The Smoking Goat Restaurant,GuestCenter,on,https://www.opentable.com/the-smoking-goat-restaurant,$30 and under,North Park,French American,null,false,eyJ2IjoyLCJtIjoxLCJwIjowLCJzIjowLCJuIjowfQ,false,Casual Elegant,"3408 30th St, San Diego, CA, 92104","We have expanded our outdoor dining areas to continue to provide you with a safe and memorable dining experience. \u003cbr />\u003cbr />The Smoking Goat is an award-winning California-French bistro located in the heart of North Park, San Diego.\u003cbr /> \u003cbr />Inspired by his European Farm-to-Table up-bringing and culinary training at Le Cordon Bleu Paris, Executive Chef and Owner Fred Piehl, marries classic French cuisine with the bounty of San Diego in a way that is rustic, yet refined, imaginative, yet unpretentious. \u003cbr />\u003cbr />The dinners served feature in-season local, sustainable and organic ingredients and provide guests with a unique culinary experience, reminiscent of the European countryside. \u003cbr />\u003cbr />Boasting an eclectic and carefully selected wine, beer, craft aperitifs and cocktail list with selections from both the old and new world, The Smoking Goat assures there is always the correct pairing available.\u003cbr />",true,21,1769,rating:4.6,false,true,true,true,null,4909,32.74128,-117.130102,(619) 955-5295,,
11137,Brigantine Coronado,GuestCenter,on,https://www.opentable.com/brigantine-coronado,$30 and under,Coronado,Seafood,null,false,eyJ2IjoyLCJtIjoxLCJwIjowLCJzIjowLCJuIjowfQ,false,Casual Dining,"1333 Orange Avenue, Coronado, CA, 92118",A San Diego tradition since 1969,false,72,2260,rating:4.4,false,false,true,true,null,59,32.682755,-117.178326,(619) 435-4166,,
79084,House of Blues Restaurant & Bar - San Diego,GuestCenter,on,https://www.opentable.com/r/house-of-blues-restaurant-and-bar-san-diego,$30 and under,Downtown / Gaslamp,American,null,false,eyJ2IjoyLCJtIjoxLCJwIjowLCJzIjowLCJuIjowfQ,false,Casual Dining,"1055 Fifth Ave, San Diego, CA, 92101","Discover authentic Southern-dining at House of Blues Restaurant and Bar. From the family style dishes and craft cocktails to the best in live music and folk art, House of Blues Restaurant & Bar delivers an unforgettable experience.",false,7,668,rating:4.2,false,false,true,true,null,115,32.71644,-117.15983,(619) 299-2583,,
1026541,North Italia - Fashion Valley,GuestCenter,on,https://www.opentable.com/r/north-italia-fashion-valley-san-diego,$30 and under,Mission Valley,Italian,null,false,eyJ2IjoyLCJtIjoxLCJwIjowLCJzIjowLCJuIjowfQ,false,Casual Dining,"7055 Friars Road, San Diego, CA, 92108","At North, we focus on what we do best: Italian from scratch. Enjoy any of our handmade pastas and pizzas, created with seasonal ingredients and inventive flavors.  Or, try a different signature dish, prepared with our fresh flavors from the garden, farm, and sea. We’ve hand crafted seasonal cocktails that pair great with our food, creating a real modern Italia experiences perfect for any occasion.",true,43,1121,rating:4.6,false,false,true,false,null,3008,32.768853,-117.166531,(619) 343-2301,,
166108,King's Fish House - Mission Valley,GuestCenter,on,https://www.opentable.com/kings-fish-house-mission-valley,$30 and under,Mission Valley,Seafood,null,false,eyJ2IjoyLCJtIjoxLCJwIjowLCJzIjowLCJuIjowfQ,false,Casual Elegant,"825 Camino de la Reina, San Diego, CA, 92108","We’ve been in restaurants a long time – three generations, to be precise – and we love seafood. With seafood there’s so much to be passionate about – the freshness, the flavor, the variety, and the surprise.\u003cbr /> \u003cbr />To create the ultimate seafood experience, we traveled down the highways and byways. We pulled up a seat, put on bibs, and soaked up the seafood experience: The no-name dishes with unforgettable flavor, the fresh-caught oysters and clams piled high, the hand-lettered specials on ancient chalkboards, and the savory simmer of every combination of spices imaginable.\u003cbr /> \u003cbr />The pleasure of preparing and sharing seafood was simple and genuine, and it brought out the best in everyone. Often, we felt as if we’d been welcomed into somebody’s home. \u003cbr /> \u003cbr />That’s what King’s Fish House is all about — and we’ve tried to bring all of these ideas together into one single, spectacular place, filled with camaraderie and celebration, and the things we love best. Welcome to the House that Seafood Built!\u003cbr />",false,58,1299,rating:4.4,false,false,false,true,null,6,32.766868,-117.156912,(619) 574-1230,,
158590,Old Town Tequila Factory Restaurant & Cantina,GuestCenter,on,https://www.opentable.com/old-town-tequila-factory-restaurant-and-cantina,$30 and under,Old Town,Mexican,null,false,eyJ2IjoyLCJtIjoxLCJwIjowLCJzIjowLCJuIjowfQ,false,Casual Dining,"2467 Juan St., San Diego, CA, 92110","Located across from Heritage Park overlooking San Diego's Historic Old Town the Old Town Tequila Factory Restaurant &amp; Cantina is a panoramic spot to enjoy rooftop dining, great Margaritas and delicious authentic Mexican food prepared from old world recipes. \u003cbr />The Tequila Factory is open for Lunch, Dinner, Saturday &amp; Sunday Best of Weekend Champagne Brunch and Happy Hour on the Tequila Terrace overlooking Old Town and the City Light below...We offer a variety of unique venues such as a Sports Bar, Cigar &amp; Tequila Terrace and our Veranda del Sol.\u003cbr />Bring Friends, Family and Your Appetite to the uniquely San Diego Old Town Tequila Factory Restaurant &amp; Cantina.  Always Free Parking.",true,25,785,rating:4.1,true,false,false,true,null,,32.753385,-117.19349,(619) 260-8124,,
1050343,Siamo Napoli,GuestCenter,on,https://www.opentable.com/r/siamo-napoli-san-diego,$30 and under,North Park,Italian,null,false,eyJ2IjoyLCJtIjoxLCJwIjowLCJzIjowLCJuIjowfQ,false,Casual Dining,"3959 30th St, STE 105, San Diego, CA, 92104-3088",Specializing in Napolitano style pizza and pasta.  We focus on clean fresh ingredients that thrive in our home land and make simple foods the star. We have a full bar with hand crafted drinks and a range of wines from Napoli and beyond. ,true,40,357,rating:4.8,true,false,false,false,null,,32.749664,-117.129817,(619) 310-6981,UBER_EATS,https://ubertrk.com/c/2606859/811249/5714?prodsku=819cccdd-f96e-4392-884b-f6fab657fced&u=https%3A%2F%2Fwww.ubereats.com%2Fsan-diego%2Ffood-delivery%2Fsiamo-napoli%2FgZzM3fluQ5KIS_b6tlf87Q%2F%3Futm_campaign%3Daffiliate-ir-%7Birmpname%7D_1_-99_national_e_all_acq_cpa_en_click-%7Bclickid%7D&intsrc=CATF_5854
1166074,Westerly Public House,GuestCenter,on,https://www.opentable.com/r/westerly-public-house-san-diego,$30 and under,Point Loma,Australian,null,false,eyJ2IjoyLCJtIjoxLCJwIjowLCJzIjowLCJuIjowfQ,false,Casual Dining,"2912 Garrison St, San Diego, CA, 92106-2721","Westerly Public House is inspired by the culture, lifestyle, food, and beverage that connects San Diego to the eastern coast of Australia. San Diego and Sydney share warm, sunny weather year-round, and an appetite for quality coffee, craft cocktails, local craft beer and wine, and hearty, vibrant, eclectic, bright, rustic, and fresh cuisine that creatively showcases local produce. In Australia, enjoyment of food, drink, and the outdoor lifestyle blend together at laid back all-day cafés that populate the coastal cities. WPH brings this Cal-Aussie energy to Point Loma. ",true,6,25,rating:4.2,true,false,false,true,null,,32.725368,-117.227523,(619) 374-1045,,
1052926,Nado Republic,OTConnectPlus,on,https://www.opentable.com/r/nado-republic-coronado,$30 and under,Coronado,Italian,null,false,eyJ2IjoyLCJtIjoxLCJwIjowLCJzIjowLCJuIjowfQ,false,Casual Dining,"1007 C Ave, Coronado, CA, 92118","YOUR LIVING ROOM AWAY FROM HOME\r\nEST. IN 2018 NADO REPUBLIC IS A PLACE WHERE YOU MEET WITH  FRIENDS , TASTE SOME WINE COMBINED WITH TRADITIONAL ITALIAN FOODS ",true,18,170,rating:4.6,false,false,false,false,null,,32.685145,-117.178516,(619) 996-3271,,
1010710,Blanco Tacos + Tequila - Fashion Valley,GuestCenter,on,https://www.opentable.com/r/blanco-tacos-and-tequila-fashion-valley-san-diego,$30 and under,Mission Valley,Mexican,null,false,eyJ2IjoyLCJtIjoxLCJwIjowLCJzIjowLCJuIjowfQ,false,Casual Dining,"7007 Friars Road, San Diego, CA, 92108","Blanco is more than your typical Mexican restaurant, it‘s an escape from the ordinary, a happy hour hang out, a place to sit back, recharge and party. It’s a vacation in your neighborhood that helps you relax with your favorite people. For food, margaritas, and good times, Blanco is the perfect place to find your bliss.",true,20,296,rating:4.7,false,false,false,true,null,22,32.76824,-117.166852,(619) 810-2931,,
